<COLLADA xmlns="http://www.collada.org/2005/11/COLLADASchema" version="1.4.1">
  <asset>
    <created>2026-06-04T11:23:53.789719</created>
    <modified>2026-06-04T11:23:53.789722</modified>
    <up_axis>Y_UP</up_axis>
  </asset>
  <library_effects>
    <effect id="ffa43f3c862240df8a416f309a5215a9" name="ffa43f3c862240df8a416f309a5215a9">
      <profile_COMMON>
        <technique sid="common">
          <phong>
            <emission>
              <color>0.0 0.0 0.0 1.0</color>
            </emission>
            <ambient>
              <color>0.0 0.0 0.0 1.0</color>
            </ambient>
            <diffuse>
              <color>0.0 0.0 0.0 1.0</color>
            </diffuse>
            <specular>
              <color>0.0 0.0 0.0 1.0</color>
            </specular>
            <shininess>
              <float>0.0</float>
            </shininess>
            <reflective>
              <color>0.0 0.0 0.0 1.0</color>
            </reflective>
            <reflectivity>
              <float>0.0</float>
            </reflectivity>
            <transparent>
              <color>0.0 0.0 0.0 1.0</color>
            </transparent>
            <transparency>
              <float>1.0</float>
            </transparency>
          </phong>
        </technique>
        <extra>
          <technique profile="GOOGLEEARTH">
            <double_sided>0</double_sided>
          </technique>
        </extra>
      </profile_COMMON>
    </effect>
  </library_effects>
  <library_geometries>
    <geometry id="f8d689c25ff94bca8a0bd4d29046eb4e" name="42a9cb4b0a9e47328e483261c9836748">
      <mesh>
        <source id="verts-array">
          <float_array count="3768" id="verts-array-array">-203.6976 291.9825 -9.333334 -197.4147 280.4645 -9.333334 -205.725 276.0194 -9.333334 -211.8051 287.5373 -9.333334 -203.6976 291.9825 0.666666 -197.4147 280.4645 0.666666 -205.725 276.0194 0.666666 -211.8051 287.5373 0.666666 92.42458 252.9811 -14.10196 97.28916 245.5047 -14.10196 91.61402 241.6654 -14.10196 86.54676 248.9397 -14.10196 92.42458 252.9811 -6.101961 97.28916 245.5047 -6.101961 91.61402 241.6654 -6.101961 86.54676 248.9397 -6.101961 -169.4441 285.1112 -9.571765 -160.3238 268.7436 -9.571765 -170.2555 263.6923 -9.571765 -179.3758 280.0598 -9.571765 -169.4441 285.1112 1.428235 -160.3238 268.7436 1.428235 -170.2555 263.6923 1.428235 -179.3758 280.0598 1.428235 -169.4475 168.7215 -1.465098 -160.327 151.9498 -1.465098 -170.2589 146.6964 -1.465098 -179.3794 162.4578 -1.465098 -169.4475 168.7215 7.534902 -160.327 151.9498 7.534902 -170.2589 146.6964 7.534902 -179.3794 162.4578 7.534902 77.63135 39.80191 -6.710588 88.37431 23.8389 -6.710588 78.64512 17.37267 -6.710588 67.90217 33.13363 -6.710588 77.63135 39.80191 5.289412 88.37431 23.8389 5.289412 78.64512 17.37267 5.289412 67.90217 33.13363 5.289412 -155.865 256.6196 -8.379608 -146.1366 239.0396 -8.379608 -155.0549 233.9882 -8.379608 -164.986 251.5682 -8.379608 -155.865 256.6196 1.620392 -146.1366 239.0396 1.620392 -155.0549 233.9882 1.620392 -164.986 251.5682 1.620392 66.48305 56.77526 -7.425882 77.63135 39.80191 -7.425882 67.90217 33.13363 -7.425882 56.5512 50.30906 -7.425882 66.48305 56.77526 4.574118 77.63135 39.80191 4.574118 67.90217 33.13363 4.574118 56.5512 50.30906 4.574118 -153.8412 141.0381 0.9192162 -144.9233 125.2768 0.9192162 -153.8418 119.8213 0.9192162 -163.1651 135.7847 0.9192162 -153.8412 141.0381 11.91922 -144.9233 125.2768 11.91922 -153.8418 119.8213 11.91922 -163.1651 135.7847 11.91922 6.688936 -24.45537 -0.5113716 19.25609 -44.05567 -0.5113716 9.9321 -50.31972 -0.5113716 -3.040429 -30.7194 -0.5113716 6.688936 -24.45537 2.488628 19.25609 -44.05567 2.488628 9.9321 -50.31972 2.488628 -3.040429 -30.7194 2.488628 -148.3676 181.0469 -3.610981 -137.4229 161.8505 -3.610981 -147.3548 156.1929 -3.610981 -158.2995 175.3894 -3.610981 -148.3676 181.0469 7.389019 -137.4229 161.8505 7.389019 -147.3548 156.1929 7.389019 -158.2995 175.3894 7.389019 -5.472748 -5.461232 -1.94196 6.688936 -24.45537 -1.94196 -3.040429 -30.7194 -1.94196 -15.40479 -11.9273 -1.94196 -5.472748 -5.461232 1.05804 6.688936 -24.45537 1.05804 -3.040429 -30.7194 1.05804 -15.40479 -11.9273 1.05804 -118.9764 253.7898 -8.618039 -108.6398 233.381 -8.618039 -120.8011 227.5213 -8.618039 -131.543 247.526 -8.618039 -118.9764 253.7898 0.3819609 -108.6398 233.381 0.3819609 -120.8011 227.5213 0.3819609 -131.543 247.526 0.3819609 -184.8509 196.8091 -2.895687 -174.9198 179.6332 -2.895687 -185.8651 173.9757 -2.895687 -195.7963 190.3433 -2.895687 -184.8509 196.8091 7.104313 -174.9198 179.6332 7.104313 -185.8651 173.9757 7.104313 -195.7963 190.3433 7.104313 8.715771 53.33978 -4.803138 21.28277 33.53741 -4.803138 11.35082 27.27336 -4.803138 -1.216155 47.07575 -4.803138 8.715771 53.33978 2.196862 21.28277 33.53741 2.196862 11.35082 27.27336 2.196862 -1.216155 47.07575 2.196862 -185.0499 315.4215 -11.00235 -175.3216 296.6291 -11.00235 -185.8614 291.1736 -11.00235 -195.5896 309.966 -11.00235 -185.0499 315.4215 -2.002354 -175.3216 296.6291 -2.002354 -185.8614 291.1736 -2.002354 -195.5896 309.966 -2.002354 -3.851143 71.92978 -5.995295 8.715771 53.33978 -5.995295 -1.216155 47.07575 -5.995295 -13.17498 65.66577 -5.995295 -3.851143 71.92978 2.004705 8.715771 53.33978 2.004705 -1.216155 47.07575 2.004705 -13.17498 65.66577 2.004705 -122.8302 118.4061 2.349804 -116.1417 105.6758 2.349804 -135.8029 95.57299 2.349804 -142.4914 108.3033 2.349804 -122.8302 118.4061 13.3498 -116.1417 105.6758 13.3498 -135.8029 95.57299 13.3498 -142.4914 108.3033 13.3498 -65.06295 170.336 -6.94902 -58.98243 158.0099 -6.94902 -81.27834 146.8966 -6.94902 -87.35884 159.2227 -6.94902 -65.06295 170.336 4.05098 -58.98243 158.0099 4.05098 -81.27834 146.8966 4.05098 -87.35884 159.2227 4.05098 -92.42645 133.9646 -2.657255 -85.94057 121.4364 -2.657255 -104.9936 111.7376 -2.657255 -111.4795 124.4678 -2.657255 -92.42645 133.9646 7.342745 -85.94057 121.4364 7.342745 -104.9936 111.7376 7.342745 -111.4795 124.4678 7.342745 88.37463 2.824107 -4.803138 94.05021 -6.672875 -4.803138 76.82133 -17.78672 -4.803138 70.53769 -9.097987 -4.803138 88.37463 2.824107 -1.803138 94.05021 -6.672875 -1.803138 76.82133 -17.78672 -1.803138 70.53769 -9.097987 -1.803138 9.32374 121.6379 -7.425882 16.21523 110.5243 -7.425882 1.013454 101.4313 -7.425882 -6.283401 111.3325 -7.425882 9.32374 121.6379 4.574118 16.21523 110.5243 4.574118 1.013454 101.4313 4.574118 -6.283401 111.3325 4.574118 180.1875 249.1439 -10.04863 192.5515 244.0926 -10.04863 189.1061 235.2016 -10.04863 176.5394 240.2529 -10.04863 179.3768 246.9211 -10.04863 180.1875 249.1439 -5.048628 192.5515 244.0926 -5.048628 189.1061 235.2016 -5.048628 176.5394 240.2529 -5.048628 179.3768 246.9211 -5.048628 23.30932 130.3267 -8.141177 30.40351 120.2235 -8.141177 16.21523 110.5243 -8.141177 9.32374 121.6379 -8.141177 23.30932 130.3267 3.858823 30.40351 120.2235 3.858823 16.21523 110.5243 3.858823 9.32374 121.6379 3.858823 104.59 13.33177 -6.710588 111.0763 4.238948 -6.710588 94.05021 -6.672875 -6.710588 88.37463 2.824107 -6.710588 104.59 13.33177 -3.710588 111.0763 4.238948 -3.710588 94.05021 -6.672875 -3.710588 88.37463 2.824107 -3.710588 -138.6375 226.7135 -7.425882 -129.1117 207.315 -7.425882 -142.4892 200.8492 -7.425882 -152.4203 220.2477 -7.425882 -138.6375 226.7135 2.574118 -129.1117 207.315 2.574118 -142.4892 200.8492 2.574118 -152.4203 220.2477 2.574118 -80.66963 193.7757 -6.94902 -74.38648 180.8435 -6.94902 -93.64199 171.5487 -6.94902 -99.72242 184.481 -6.94902 -80.66963 193.7757 3.05098 -74.38648 180.8435 3.05098 -93.64199 171.5487 3.05098 -99.72242 184.481 3.05098 -174.1073 238.2321 -6.710588 -167.6216 226.9163 -6.710588 -181.4046 219.0362 -6.710588 -187.8902 230.352 -6.710588 -175.9315 237.4239 -6.710588 -174.1073 238.2321 4.289412 -167.6216 226.9163 4.289412 -181.4046 219.0362 4.289412 -187.8902 230.352 4.289412 -175.9315 237.4239 4.289412 -182.6198 248.7398 -7.187451 -175.9315 237.4239 -7.187451 -187.8902 230.352 -7.187451 -189.1063 229.5438 -7.187451 -195.9973 240.8597 -7.187451 -182.6198 248.7398 4.812549 -175.9315 237.4239 4.812549 -187.8902 230.352 4.812549 -189.1063 229.5438 4.812549 -195.9973 240.8597 4.812549 9.729457 -82.24604 8.310587 12.16184 -91.94517 8.310587 -0.2026975 -94.77409 8.310587 -0.8107895 -92.34931 8.310587 1.824276 -91.74311 8.310587 0.2026971 -84.67083 8.310587 9.729457 -82.24604 10.91555 12.16184 -91.94517 10.91555 -0.2026975 -94.77409 10.91555 -0.8107895 -92.34931 10.91555 1.824276 -91.74311 10.91555 0.2026971 -84.67083 10.91555 -122.2215 149.7262 -2.180392 -117.3572 139.2187 -2.180392 -116.9518 138.4104 -2.180392 -130.5321 132.1467 -2.180392 -135.8018 143.4625 -2.180392 -122.2215 149.7262 6.819608 -117.3572 139.2187 6.819608 -116.9518 138.4104 6.819608 -130.5321 132.1467 6.819608 -135.8018 143.4625 6.819608 57.76797 -12.93737 -2.180392 64.05161 -22.8385 -2.180392 51.68729 -30.71917 -2.180392 46.41715 -22.23247 -2.180392 52.49796 -18.39318 -2.180392 51.48447 -16.77667 -2.180392 57.76797 -12.93737 0.8196077 64.05161 -22.8385 0.8196077 51.68729 -30.71917 0.8196077 46.41715 -22.23247 0.8196077 52.49796 -18.39318 0.8196077 51.48447 -16.77667 0.8196077 -307.07 224.9013 -0.9882355 -299.1656 217.8286 -0.9882355 -304.6385 209.3421 -0.9882355 -309.9086 205.7052 -0.9882355 -315.3815 200.0477 -0.9882355 -318.0162 202.6747 -0.9882355 -318.0157 213.3841 -0.9882355 -307.07 224.9013 3.011765 -299.1656 217.8286 3.011765 -304.6385 209.3421 3.011765 -309.9086 205.7052 3.011765 -315.3815 200.0477 3.011765 -318.0162 202.6747 3.011765 -318.0157 213.3841 3.011765 -4.459015 339.8685 -16.24784 5.675124 324.7136 -16.24784 6.688541 323.097 -16.24784 -12.76906 310.3669 -16.24784 -23.91659 327.1384 -16.24784 -4.459015 339.8685 -4.247843 5.675124 324.7136 -4.247843 6.688541 323.097 -4.247843 -12.76906 310.3669 -4.247843 -23.91659 327.1384 -4.247843 86.14146 244.2922 -14.34039 96.27601 228.3292 -14.34039 77.83171 216.407 -14.34039 69.92678 228.935 -14.34039 67.29182 232.168 -14.34039 86.14146 244.2922 -3.340393 96.27601 228.3292 -3.340393 77.83171 216.407 -3.340393 69.92678 228.935 -3.340393 67.29182 232.168 -3.340393 46.41715 -22.23247 -0.9882355 51.68729 -30.71917 -0.9882355 35.87712 -41.02462 -0.9882355 29.39081 -31.12345 -0.9882355 35.87704 -27.08211 -0.9882355 36.68782 -28.09243 -0.9882355 46.41715 -22.23247 2.011765 51.68729 -30.71917 2.011765 35.87712 -41.02462 2.011765 29.39081 -31.12345 2.011765 35.87704 -27.08211 2.011765 36.68782 -28.09243 2.011765 -107.6277 159.223 -3.849412 -101.75 146.2907 -3.849412 -117.3572 139.2187 -3.849412 -122.2215 149.7262 -3.849412 -123.2349 152.151 -3.849412 -107.6277 159.223 7.150588 -101.75 146.2907 7.150588 -117.3572 139.2187 7.150588 -122.2215 149.7262 7.150588 -123.2349 152.151 7.150588 37.90171 326.1281 -13.6251 49.65747 308.7506 -13.6251 36.07773 299.2534 -13.6251 34.0509 298.2431 -13.6251 22.09248 315.4186 -13.6251 37.90171 326.1281 -1.625098 49.65747 308.7506 -1.625098 36.07773 299.2534 -1.625098 34.0509 298.2431 -1.625098 22.09248 315.4186 -1.625098 36.07943 22.42389 -3.610981 42.363 12.52273 -3.610981 27.97178 3.631771 -3.610981 22.49901 12.32056 -3.610981 30.80943 17.57429 -3.610981 29.99865 18.78668 -3.610981 36.07943 22.42389 3.389019 42.363 12.52273 3.389019 27.97178 3.631771 3.389019 22.49901 12.32056 3.389019 30.80943 17.57429 3.389019 29.99865 18.78668 3.389019 65.26428 293.5958 -13.38667 76.61483 274.8039 -13.38667 60.40016 264.4984 -13.38667 49.45501 282.6842 -13.38667 63.03477 292.1814 -13.38667 65.26428 293.5958 -1.386667 76.61483 274.8039 -1.386667 60.40016 264.4984 -1.386667 49.45501 282.6842 -1.386667 63.03477 292.1814 -1.386667 169.0397 251.1642 -10.04863 179.3768 246.9211 -10.04863 176.5394 240.2529 -10.04863 175.7288 238.4343 -10.04863 170.8642 240.4548 -10.04863 170.4589 239.2424 -10.04863 165.189 241.4649 -10.04863 169.0397 251.1642 -3.048628 179.3768 246.9211 -3.048628 176.5394 240.2529 -3.048628 175.7288 238.4343 -3.048628 170.8642 240.4548 -3.048628 170.4589 239.2424 -3.048628 165.189 241.4649 -3.048628 69.92678 228.935 -13.86353 77.83171 216.407 -13.86353 79.85862 213.3761 -13.86353 61.61692 202.2623 -13.86353 53.71201 214.184 -13.86353 51.68511 217.4171 -13.86353 69.92678 228.935 -2.86353 77.83171 216.407 -2.86353 79.85862 213.3761 -2.86353 61.61692 202.2623 -2.86353 53.71201 214.184 -2.86353 51.68511 217.4171 -2.86353 -306.2556 294.2096 -5.280001 -299.77 288.3494 -5.280001 -301.797 286.3289 -5.280001 -293.69 279.0541 -5.280001 -300.987 270.9719 -5.280001 -311.5261 280.2674 -5.280001 -307.4722 284.9147 -5.280001 -311.5257 288.5521 -5.280001 -306.2556 294.2096 -1.280001 -299.77 288.3494 -1.280001 -301.797 286.3289 -1.280001 -293.69 279.0541 -1.280001 -300.987 270.9719 -1.280001 -311.5261 280.2674 -1.280001 -307.4722 284.9147 -1.280001 -311.5257 288.5521 -1.280001 -24.32308 52.93569 -2.895687 -18.03965 43.03447 -2.895687 -32.0255 34.14365 -2.895687 -32.22819 34.95192 -2.895687 -37.29546 42.63043 -2.895687 -29.39042 47.47995 -2.895687 -30.40388 49.09648 -2.895687 -24.32308 52.93569 6.104313 -18.03965 43.03447 6.104313 -32.0255 34.14365 6.104313 -32.22819 34.95192 6.104313 -37.29546 42.63043 6.104313 -29.39042 47.47995 6.104313 -30.40388 49.09648 6.104313 -8.715813 25.45476 -2.895687 -2.22963 15.55356 -2.895687 -16.8236 6.258578 -2.895687 -17.43168 7.066841 -2.895687 -22.499 14.94741 -2.895687 -14.18854 20.40314 -2.895687 -14.79662 21.61554 -2.895687 -8.715813 25.45476 6.104313 -2.22963 15.55356 6.104313 -16.8236 6.258578 6.104313 -17.43168 7.066841 6.104313 -22.499 14.94741 6.104313 -14.18854 20.40314 6.104313 -14.79662 21.61554 6.104313 20.47118 269.7518 -15.05569 26.95714 259.6486 -15.05569 24.93029 258.2341 -15.05569 26.55179 255.8093 -15.05569 14.79605 247.7267 -15.05569 12.7692 246.9184 -15.05569 4.661761 259.4464 -15.05569 20.47118 269.7518 -6.055687 26.95714 259.6486 -6.055687 24.93029 258.2341 -6.055687 26.55179 255.8093 -6.055687 14.79605 247.7267 -6.055687 12.7692 246.9184 -6.055687 4.661761 259.4464 -6.055687 21.89092 13.12881 -3.37255 22.49901 12.32056 -3.37255 27.97178 3.631771 -3.37255 12.76975 -6.067416 -3.37255 6.080821 4.439969 -3.37255 12.76972 8.683351 -3.37255 13.3778 7.875091 -3.37255 21.89092 13.12881 5.62745 22.49901 12.32056 5.62745 27.97178 3.631771 5.62745 12.76975 -6.067416 5.62745 6.080821 4.439969 5.62745 12.76972 8.683351 5.62745 13.3778 7.875091 5.62745 52.49588 215.3964 -12.9098 53.71201 214.184 -12.9098 61.61692 202.2623 -12.9098 63.8465 199.8375 -12.9098 44.38862 186.2989 -12.9098 33.44339 203.2724 -12.9098 52.49588 215.3964 -1.909804 53.71201 214.184 -1.909804 61.61692 202.2623 -1.909804 63.8465 199.8375 -1.909804 44.38862 186.2989 -1.909804 33.44339 203.2724 -1.909804 -38.51161 44.44902 -1.226667 -37.29546 42.63043 -1.226667 -32.22819 34.95192 -1.226667 -47.83563 24.44463 -1.226667 -54.9298 34.95208 -1.226667 -47.83551 39.59952 -1.226667 -47.22744 38.58919 -1.226667 -38.51161 44.44902 7.773333 -37.29546 42.63043 7.773333 -32.22819 34.95192 7.773333 -47.83563 24.44463 7.773333 -54.9298 34.95208 7.773333 -47.83551 39.59952 7.773333 -47.22744 38.58919 7.773333 51.88698 310.3671 -13.14824 63.03477 292.1814 -13.14824 49.45501 282.6842 -13.14824 47.63086 280.8656 -13.14824 36.07773 299.2534 -13.14824 49.65747 308.7506 -13.14824 51.88698 310.3671 -1.148235 63.03477 292.1814 -1.148235 49.45501 282.6842 -1.148235 47.63086 280.8656 -1.148235 36.07773 299.2534 -1.148235 49.65747 308.7506 -1.148235 -23.30977 16.36187 -1.703529 -22.499 14.94741 -1.703529 -17.43168 7.066841 -1.703529 -32.83648 -2.834294 -1.703529 -39.32263 7.269012 -1.703529 -32.6337 11.51234 -1.703529 -32.02562 10.70408 -1.703529 -23.30977 16.36187 7.296471 -22.499 14.94741 7.296471 -17.43168 7.066841 7.296471 -32.83648 -2.834294 7.296471 -39.32263 7.269012 7.296471 -32.6337 11.51234 7.296471 -32.02562 10.70408 7.296471 -234.1014 262.28 -5.041569 -222.5487 251.368 -5.041569 -220.5218 252.9845 -5.041569 -215.8604 244.4976 -5.041569 -222.7518 240.2544 -5.041569 -233.0884 249.954 -5.041569 -239.1692 244.7005 -5.041569 -245.8575 252.3793 -5.041569 -234.1014 262.28 6.958431 -222.5487 251.368 6.958431 -220.5218 252.9845 6.958431 -215.8604 244.4976 6.958431 -222.7518 240.2544 6.958431 -233.0884 249.954 6.958431 -239.1692 244.7005 6.958431 -245.8575 252.3793 6.958431 269.982 145.8919 2.349804 275.0495 139.0219 2.349804 274.0361 138.0115 2.349804 277.0766 134.3745 2.349804 278.2927 135.1828 2.349804 281.3332 131.9499 2.349804 270.9964 123.8668 2.349804 260.0505 138.213 2.349804 269.982 145.8919 5.349804 275.0495 139.0219 5.349804 274.0361 138.0115 5.349804 277.0766 134.3745 5.349804 278.2927 135.1828 5.349804 281.3332 131.9499 5.349804 270.9964 123.8668 5.349804 260.0505 138.213 5.349804 36.28066 260.2548 -14.57882 40.13171 254.7991 -14.57882 29.99748 247.9288 -14.57882 31.61898 245.504 -14.57882 21.28203 238.2296 -14.57882 14.79605 247.7267 -14.57882 26.55179 255.8093 -14.57882 27.56522 254.1928 -14.57882 36.28066 260.2548 -4.578824 40.13171 254.7991 -4.578824 29.99748 247.9288 -4.578824 31.61898 245.504 -4.578824 21.28203 238.2296 -4.578824 14.79605 247.7267 -4.578824 26.55179 255.8093 -4.578824 27.56522 254.1928 -4.578824 52.2943 90.52003 -9.810196 54.52393 87.08493 -9.810196 56.14545 88.09528 -9.810196 58.78048 84.054 -9.810196 57.56434 83.24572 -9.810196 63.03709 74.9611 -9.810196 53.71333 68.89905 -9.810196 43.37594 84.45799 -9.810196 52.2943 90.52003 2.189804 54.52393 87.08493 2.189804 56.14545 88.09528 2.189804 58.78048 84.054 2.189804 57.56434 83.24572 2.189804 63.03709 74.9611 2.189804 53.71333 68.89905 2.189804 43.37594 84.45799 2.189804 -282.5429 265.9193 -4.326275 -275.0439 259.2508 -4.326275 -280.1113 253.7953 -4.326275 -281.3274 254.8057 -4.326275 -283.7597 252.1789 -4.326275 -291.2587 259.0495 -4.326275 -287.6102 262.8886 -4.326275 -286.3942 261.6761 -4.326275 -282.5429 265.9193 3.673725 -275.0439 259.2508 3.673725 -280.1113 253.7953 3.673725 -281.3274 254.8057 3.673725 -283.7597 252.1789 3.673725 -291.2587 259.0495 3.673725 -287.6102 262.8886 3.673725 -286.3942 261.6761 3.673725 41.75425 105.8769 -9.333334 46.61888 98.60259 -9.333334 48.64578 99.815 -9.333334 51.48349 95.57165 -9.333334 49.65928 94.35924 -9.333334 52.2943 90.52003 -9.333334 43.37594 84.45799 -9.333334 33.24128 100.219 -9.333334 41.75425 105.8769 2.666666 46.61888 98.60259 2.666666 48.64578 99.815 2.666666 51.48349 95.57165 2.666666 49.65928 94.35924 2.666666 52.2943 90.52003 2.666666 43.37594 84.45799 2.666666 33.24128 100.219 2.666666 -152.418 309.1565 -11.00235 -145.1218 295.6179 -11.00235 -152.4185 291.5768 -11.00235 -152.0131 290.9706 -11.00235 -154.6481 288.5459 -11.00235 -161.9444 302.0845 -11.00235 -160.5255 302.8927 -11.00235 -161.3362 304.3072 -11.00235 -152.418 309.1565 -5.002354 -145.1218 295.6179 -5.002354 -152.4185 291.5768 -5.002354 -152.0131 290.9706 -5.002354 -154.6481 288.5459 -5.002354 -161.9444 302.0845 -5.002354 -160.5255 302.8927 -5.002354 -161.3362 304.3072 -5.002354 -122.6259 194.7868 -5.995295 -113.1 175.1863 -5.995295 -125.8695 169.5287 -5.995295 -127.6936 173.1659 -5.995295 -128.707 172.5597 -5.995295 -134.7874 184.0776 -5.995295 -133.1659 184.8858 -5.995295 -135.1927 188.7251 -5.995295 -122.6259 194.7868 6.004705 -113.1 175.1863 6.004705 -125.8695 169.5287 6.004705 -127.6936 173.1659 6.004705 -128.707 172.5597 6.004705 -134.7874 184.0776 6.004705 -133.1659 184.8858 6.004705 -135.1927 188.7251 6.004705 -192.9559 273.3921 -8.141177 -188.0918 263.8949 -8.141177 -205.9284 255.0046 -8.141177 -211.6032 265.9163 -8.141177 -204.7118 269.5533 -8.141177 -202.6851 265.5119 -8.141177 -198.0232 267.7344 -8.141177 -199.2392 270.3613 -8.141177 -192.9559 273.3921 -4.141177 -188.0918 263.8949 -4.141177 -205.9284 255.0046 -4.141177 -211.6032 265.9163 -4.141177 -204.7118 269.5533 -4.141177 -202.6851 265.5119 -4.141177 -198.0232 267.7344 -4.141177 -199.2392 270.3613 -4.141177 -11.95836 293.1914 -15.53255 -8.918108 288.5439 -15.53255 -7.093948 289.7562 -15.53255 0.6080539 277.8344 -15.53255 -4.864434 274.3993 -15.53255 -7.296653 272.7828 -15.53255 -9.728865 276.4199 -15.53255 -13.98525 273.591 -15.53255 -22.29528 286.7253 -15.53255 -11.95836 293.1914 -9.53255 -8.918108 288.5439 -9.53255 -7.093948 289.7562 -9.53255 0.6080539 277.8344 -9.53255 -4.864434 274.3993 -9.53255 -7.296653 272.7828 -9.53255 -9.728865 276.4199 -9.53255 -13.98525 273.591 -9.53255 -22.29528 286.7253 -9.53255 -236.1306 202.6708 -0.9882355 -224.9829 201.0538 -0.9882355 -225.3884 195.8002 -0.9882355 -213.4299 196.2038 -0.9882355 -213.025 182.6654 -0.9882355 -225.389 182.2618 -0.9882355 -225.3888 186.9093 -0.9882355 -237.3473 188.3242 -0.9882355 -236.1306 202.6708 8.011765 -224.9829 201.0538 8.011765 -225.3884 195.8002 8.011765 -213.4299 196.2038 8.011765 -213.025 182.6654 8.011765 -225.389 182.2618 8.011765 -225.3888 186.9093 8.011765 -237.3473 188.3242 8.011765 -100.1271 223.0755 -7.664314 -90.39848 204.0812 -7.664314 -103.7759 197.6153 -7.664314 -106.8161 203.4753 -7.664314 -105.8027 204.0815 -7.664314 -109.0456 210.3456 -7.664314 -110.059 209.5373 -7.664314 -113.3019 216.2055 -7.664314 -100.1271 223.0755 2.335686 -90.39848 204.0812 2.335686 -103.7759 197.6153 2.335686 -106.8161 203.4753 2.335686 -105.8027 204.0815 2.335686 -109.0456 210.3456 2.335686 -110.059 209.5373 2.335686 -113.3019 216.2055 2.335686 3.040269 279.2488 -15.05569 7.499339 271.9745 -15.05569 12.97182 275.4096 -15.05569 15.60673 271.1662 -15.05569 18.24163 272.7828 -15.05569 20.47118 269.7518 -15.05569 4.661761 259.4464 -15.05569 -4.864434 274.3993 -15.05569 0.6080539 277.8344 -15.05569 3.040269 279.2488 -8.055687 7.499339 271.9745 -8.055687 12.97182 275.4096 -8.055687 15.60673 271.1662 -8.055687 18.24163 272.7828 -8.055687 20.47118 269.7518 -8.055687 4.661761 259.4464 -8.055687 -4.864434 274.3993 -8.055687 0.6080539 277.8344 -8.055687 -261.6679 232.7796 -2.418824 -250.3175 230.9605 -2.418824 -251.3311 226.111 -2.418824 -238.7646 226.3126 -2.418824 -237.9544 212.37 -2.418824 -251.7371 212.9768 -2.418824 -251.7369 217.0181 -2.418824 -263.6953 219.2413 -2.418824 -261.6679 232.7796 7.581176 -250.3175 230.9605 7.581176 -251.3311 226.111 7.581176 -238.7646 226.3126 7.581176 -237.9544 212.37 7.581176 -251.7371 212.9768 7.581176 -251.7369 217.0181 7.581176 -263.6953 219.2413 7.581176 -209.375 228.9383 -4.087844 -201.0652 218.0265 -4.087844 -200.2544 218.6326 -4.087844 -193.1607 209.3374 -4.087844 -202.0792 202.6695 -4.087844 -205.7274 207.3172 -4.087844 -204.9166 207.9233 -4.087844 -208.3621 212.571 -4.087844 -209.3756 211.9648 -4.087844 -217.4826 222.6746 -4.087844 -209.375 228.9383 5.912156 -201.0652 218.0265 5.912156 -200.2544 218.6326 5.912156 -193.1607 209.3374 5.912156 -202.0792 202.6695 5.912156 -205.7274 207.3172 5.912156 -204.9166 207.9233 5.912156 -208.3621 212.571 5.912156 -209.3756 211.9648 5.912156 -217.4826 222.6746 5.912156 -42.15805 326.7344 -17.44 -30.80786 317.0352 -17.44 -33.84813 313.6001 -17.44 -30.80789 310.7711 -17.44 -35.87501 305.5175 -17.44 -39.5233 308.7505 -17.44 -40.53672 307.5381 -17.44 -48.644 315.0146 -17.44 -43.77956 320.2683 -17.44 -46.21175 322.491 -17.44 -42.15805 326.7344 -10.44 -30.80786 317.0352 -10.44 -33.84813 313.6001 -10.44 -30.80789 310.7711 -10.44 -35.87501 305.5175 -10.44 -39.5233 308.7505 -10.44 -40.53672 307.5381 -10.44 -48.644 315.0146 -10.44 -43.77956 320.2683 -10.44 -46.21175 322.491 -10.44 -260.6498 336.8433 -10.04863 -252.7456 327.75 -10.04863 -247.4757 330.9828 -10.04863 -242.0036 321.8896 -10.04863 -284.771 296.6334 -10.04863 -292.067 308.1514 -10.04863 -265.7175 324.1134 -10.04863 -268.352 331.3878 -10.04863 -260.6498 336.8433 -3.048628 -252.7456 327.75 -3.048628 -247.4757 330.9828 -3.048628 -242.0036 321.8896 -3.048628 -284.771 296.6334 -3.048628 -292.067 308.1514 -3.048628 -265.7175 324.1134 -3.048628 -268.352 331.3878 -3.048628 -44.18636 129.9227 -6.710588 -42.97023 128.3062 -6.710588 -41.75409 128.7103 -6.710588 -38.30841 121.4359 -6.710588 -37.09227 122.0421 -6.710588 -34.25464 116.1822 -6.710588 -46.61879 110.3224 -6.710588 -50.06446 117.7988 -6.710588 -52.29407 116.7885 -6.710588 -55.73973 124.265 -6.710588 -44.18636 129.9227 3.289412 -42.97023 128.3062 3.289412 -41.75409 128.7103 3.289412 -38.30841 121.4359 3.289412 -37.09227 122.0421 3.289412 -34.25464 116.1822 3.289412 -46.61879 110.3224 3.289412 -50.06446 117.7988 3.289412 -52.29407 116.7885 3.289412 -55.73973 124.265 3.289412 -209.9851 171.5517 1.157646 -198.8373 169.7328 1.157646 -199.4455 164.4791 1.157646 -196.8106 163.8728 1.157646 -197.2161 159.2253 1.157646 -190.9328 159.023 1.157646 -192.352 146.495 1.157646 -202.6891 148.516 1.157646 -202.2834 156.3966 1.157646 -212.8232 157.4073 1.157646 -209.9851 171.5517 11.15765 -198.8373 169.7328 11.15765 -199.4455 164.4791 11.15765 -196.8106 163.8728 11.15765 -197.2161 159.2253 11.15765 -190.9328 159.023 11.15765 -192.352 146.495 11.15765 -202.6891 148.516 11.15765 -202.2834 156.3966 11.15765 -212.8232 157.4073 11.15765 -4.459155 155.1807 -9.094902 5.675303 139.8237 -9.094902 -4.661861 133.1556 -9.094902 -6.080686 135.3783 -9.094902 -6.891446 134.1659 -9.094902 -10.53985 139.4196 -9.094902 -9.323711 140.2279 -9.094902 -13.37748 146.0878 -9.094902 -14.59362 145.4816 -9.094902 -16.01244 147.5022 -9.094902 -4.459155 155.1807 -0.09490204 5.675303 139.8237 -0.09490204 -4.661861 133.1556 -0.09490204 -6.080686 135.3783 -0.09490204 -6.891446 134.1659 -0.09490204 -10.53985 139.4196 -0.09490204 -9.323711 140.2279 -0.09490204 -13.37748 146.0878 -0.09490204 -14.59362 145.4816 -0.09490204 -16.01244 147.5022 -0.09490204 -15.40431 172.5583 -9.571765 -4.459155 155.1807 -9.571765 -16.01244 147.5022 -9.571765 -19.66083 151.7456 -9.571765 -18.03932 152.7559 -9.571765 -21.28232 157.8076 -9.571765 -22.70115 156.7973 -9.571765 -26.55221 162.4551 -9.571765 -25.13338 163.4654 -9.571765 -26.34951 165.284 -9.571765 -15.40431 172.5583 -0.5717649 -4.459155 155.1807 -0.5717649 -16.01244 147.5022 -0.5717649 -19.66083 151.7456 -0.5717649 -18.03932 152.7559 -0.5717649 -21.28232 157.8076 -0.5717649 -22.70115 156.7973 -0.5717649 -26.55221 162.4551 -0.5717649 -25.13338 163.4654 -0.5717649 -26.34951 165.284 -0.5717649 -19.05345 -61.43329 5.687843 -16.62112 -68.70765 5.687843 -13.78336 -67.89939 5.687843 -11.55372 -75.17375 5.687843 -9.121354 -74.36549 5.687843 -5.878216 -84.2667 5.687843 -17.22926 -87.90385 5.687843 -19.66161 -80.62949 5.687843 -30.60726 -84.26662 5.687843 -33.85036 -74.16334 5.687843 -25.53978 -71.53653 5.687843 -27.9721 -64.26217 5.687843 -19.05345 -61.43329 8.687843 -16.62112 -68.70765 8.687843 -13.78336 -67.89939 8.687843 -11.55372 -75.17375 8.687843 -9.121354 -74.36549 8.687843 -5.878216 -84.2667 8.687843 -17.22926 -87.90385 8.687843 -19.66161 -80.62949 8.687843 -30.60726 -84.26662 8.687843 -33.85036 -74.16334 8.687843 -25.53978 -71.53653 8.687843 -27.9721 -64.26217 8.687843 31.21567 -143.8759 12.84078 47.22897 -152.9687 12.84078 38.513 -168.5278 12.84078 28.98607 -163.0721 12.84078 24.12131 -171.1547 12.84078 -1.418897 -156.6061 12.84078 5.472878 -144.4821 12.84078 19.45915 -152.5647 12.84078 17.83756 -155.3936 12.84078 22.90506 -158.2225 12.84078 31.21567 -143.8759 15.84078 47.22897 -152.9687 15.84078 38.513 -168.5278 15.84078 28.98607 -163.0721 15.84078 24.12131 -171.1547 15.84078 -1.418897 -156.6061 15.84078 5.472878 -144.4821 15.84078 19.45915 -152.5647 15.84078 17.83756 -155.3936 15.84078 22.90506 -158.2225 15.84078 -164.5818 211.5592 -5.041569 -154.4479 192.7669 -5.041569 -164.5824 187.5135 -5.041569 -167.2173 191.1507 -5.041569 -168.2307 190.3425 -5.041569 -170.2575 193.3735 -5.041569 -169.0414 193.7776 -5.041569 -172.6896 200.2438 -5.041569 -173.5004 199.4356 -5.041569 -174.9191 202.2645 -5.041569 -173.7029 202.8707 -5.041569 -175.3244 205.4976 -5.041569 -164.5818 211.5592 6.958431 -154.4479 192.7669 6.958431 -164.5824 187.5135 6.958431 -167.2173 191.1507 6.958431 -168.2307 190.3425 6.958431 -170.2575 193.3735 6.958431 -169.0414 193.7776 6.958431 -172.6896 200.2438 6.958431 -173.5004 199.4356 6.958431 -174.9191 202.2645 6.958431 -173.7029 202.8707 6.958431 -175.3244 205.4976 6.958431 -140.0549 285.3125 -9.571765 -139.2442 283.2918 -9.571765 -137.42 284.5041 -9.571765 -127.0835 265.3077 -9.571765 -138.2313 260.0543 -9.571765 -145.1223 271.9763 -9.571765 -146.5411 271.5722 -9.571765 -148.7706 276.2197 -9.571765 -147.1491 277.028 -9.571765 -148.1624 279.8569 -9.571765 -142.2845 282.6857 -9.571765 -142.8925 283.8981 -9.571765 -140.0549 285.3125 2.428235 -139.2442 283.2918 2.428235 -137.42 284.5041 2.428235 -127.0835 265.3077 2.428235 -138.2313 260.0543 2.428235 -145.1223 271.9763 2.428235 -146.5411 271.5722 2.428235 -148.7706 276.2197 2.428235 -147.1491 277.028 2.428235 -148.1624 279.8569 2.428235 -142.2845 282.6857 2.428235 -142.8925 283.8981 2.428235 -55.94222 145.2798 -6.233726 -53.30731 140.026 -6.233726 -51.88847 140.6322 -6.233726 -48.24013 133.1558 -6.233726 -46.21322 134.1661 -6.233726 -44.18636 129.9227 -6.233726 -55.73973 124.265 -6.233726 -56.75318 123.4567 -6.233726 -59.99616 130.1249 -6.233726 -61.82037 129.1146 -6.233726 -66.68481 139.2179 -6.233726 -61.82024 141.6426 -6.233726 -62.22562 142.0468 -6.233726 -55.94222 145.2798 2.766274 -53.30731 140.026 2.766274 -51.88847 140.6322 2.766274 -48.24013 133.1558 2.766274 -46.21322 134.1661 2.766274 -44.18636 129.9227 2.766274 -55.73973 124.265 2.766274 -56.75318 123.4567 2.766274 -59.99616 130.1249 2.766274 -61.82037 129.1146 2.766274 -66.68481 139.2179 2.766274 -61.82024 141.6426 2.766274 -62.22562 142.0468 2.766274 130.1299 -10.71349 -5.995295 133.1704 -14.9568 -5.995295 132.157 -15.56302 -5.995295 137.2245 -22.83725 -5.995295 140.4676 -20.61446 -5.995295 142.9 -24.04951 -5.995295 138.6435 -27.08059 -5.995295 143.1029 -33.34451 -5.995295 143.711 -32.7383 -5.995295 147.1569 -37.78984 -5.995295 137.225 -44.86237 -5.995295 131.1439 -35.97163 -5.995295 129.7251 -36.98199 -5.995295 117.563 -19.2005 -5.995295 130.1299 -10.71349 -2.995295 133.1704 -14.9568 -2.995295 132.157 -15.56302 -2.995295 137.2245 -22.83725 -2.995295 140.4676 -20.61446 -2.995295 142.9 -24.04951 -2.995295 138.6435 -27.08059 -2.995295 143.1029 -33.34451 -2.995295 143.711 -32.7383 -2.995295 147.1569 -37.78984 -2.995295 137.225 -44.86237 -2.995295 131.1439 -35.97163 -2.995295 129.7251 -36.98199 -2.995295 117.563 -19.2005 -2.995295 -76.21273 22.42427 6.164705 -76.21277 19.39329 6.164705 -66.68616 19.99937 6.164705 -66.68624 13.12915 6.164705 -65.47008 13.12914 6.164705 -64.86211 3.227931 6.164705 -73.78065 2.823906 6.164705 -73.98331 6.056953 6.164705 -77.6318 5.854935 6.164705 -77.42913 4.036344 6.164705 -86.75307 3.430278 6.164705 -87.361 13.12942 6.164705 -85.53676 12.92733 6.164705 -86.5501 21.81822 6.164705 -76.21273 22.42427 30.16471 -76.21277 19.39329 30.16471 -66.68616 19.99937 30.16471 -66.68624 13.12915 30.16471 -65.47008 13.12914 30.16471 -64.86211 3.227931 30.16471 -73.78065 2.823906 30.16471 -73.98331 6.056953 30.16471 -77.6318 5.854935 30.16471 -77.42913 4.036344 30.16471 -86.75307 3.430278 30.16471 -87.361 13.12942 30.16471 -85.53676 12.92733 30.16471 -86.5501 21.81822 30.16471 -51.48452 -22.63656 3.780392 -51.28186 -26.4758 3.780392 -49.05222 -26.47582 3.780392 -49.05221 -25.46549 3.780392 -41.55249 -24.85936 3.780392 -41.14714 -31.93164 3.780392 -40.53906 -31.72958 3.780392 -39.93103 -40.01426 3.780392 -48.64694 -40.6204 3.780392 -48.84963 -39.408 3.780392 -59.99789 -40.21616 3.780392 -60.6059 -32.33561 3.780392 -58.37625 -32.13356 3.780392 -59.18694 -23.24268 3.780392 -51.48452 -22.63656 6.780392 -51.28186 -26.4758 6.780392 -49.05222 -26.47582 6.780392 -49.05221 -25.46549 6.780392 -41.55249 -24.85936 6.780392 -41.14714 -31.93164 6.780392 -40.53906 -31.72958 6.780392 -39.93103 -40.01426 6.780392 -48.64694 -40.6204 6.780392 -48.84963 -39.408 6.780392 -59.99789 -40.21616 6.780392 -60.6059 -32.33561 6.780392 -58.37625 -32.13356 6.780392 -59.18694 -23.24268 6.780392 -98.50823 68.4955 3.780392 -98.3056 64.85832 3.780392 -96.07599 65.06035 3.780392 -96.27866 66.07068 3.780392 -88.77905 66.67675 3.780392 -88.17108 59.60446 3.780392 -87.15762 59.80651 3.780392 -86.347 49.9053 3.780392 -96.88702 49.0972 3.780392 -96.887 50.30959 3.780392 -108.0351 49.50152 3.780392 -108.8457 59.20067 3.780392 -107.6295 59.20065 3.780392 -108.2375 67.68741 3.780392 -98.50823 68.4955 29.78039 -98.3056 64.85832 29.78039 -96.07599 65.06035 29.78039 -96.27866 66.07068 29.78039 -88.77905 66.67675 29.78039 -88.17108 59.60446 29.78039 -87.15762 59.80651 29.78039 -86.347 49.9053 29.78039 -96.88702 49.0972 29.78039 -96.887 50.30959 29.78039 -108.0351 49.50152 29.78039 -108.8457 59.20067 29.78039 -107.6295 59.20065 29.78039 -108.2375 67.68741 29.78039 -46.21257 217.6191 -8.379608 -34.25406 216.2045 -8.379608 -34.86215 211.1529 -8.379608 -33.44334 210.9508 -8.379608 -34.45682 203.8786 -8.379608 -27.76815 203.0703 -8.379608 -28.37623 198.2207 -8.379608 -26.75473 198.0186 -8.379608 -27.56551 191.3505 -8.379608 -35.8757 192.3608 -8.379608 -35.673 194.9877 -8.379608 -41.75362 195.5939 -8.379608 -41.55091 198.0187 -8.379608 -46.82078 198.6249 -8.379608 -45.60458 208.5261 -8.379608 -47.42876 208.7282 -8.379608 -46.21257 217.6191 17.62039 -34.25406 216.2045 17.62039 -34.86215 211.1529 17.62039 -33.44334 210.9508 17.62039 -34.45682 203.8786 17.62039 -27.76815 203.0703 17.62039 -28.37623 198.2207 17.62039 -26.75473 198.0186 17.62039 -27.56551 191.3505 17.62039 -35.8757 192.3608 17.62039 -35.673 194.9877 17.62039 -41.75362 195.5939 17.62039 -41.55091 198.0187 17.62039 -46.82078 198.6249 17.62039 -45.60458 208.5261 17.62039 -47.42876 208.7282 17.62039 -102.5579 307.5389 -12.67137 -95.46401 305.7202 -12.67137 -97.28828 298.85 -12.67137 -99.11242 299.2542 -12.67137 -99.51781 298.0418 -12.67137 -93.43732 296.6272 -12.67137 -95.26159 289.1508 -12.67137 -98.50453 289.9591 -12.67137 -100.1261 283.8972 -12.67137 -102.3556 284.3014 -12.67137 -102.761 282.6849 -12.67137 -110.6657 284.7057 -12.67137 -110.0576 286.9284 -12.67137 -111.2737 287.3325 -12.67137 -109.6521 293.5965 -12.67137 -111.8816 294.2027 -12.67137 -108.233 307.539 -12.67137 -102.9633 306.1244 -12.67137 -102.5579 307.5389 8.328627 -95.46401 305.7202 8.328627 -97.28828 298.85 8.328627 -99.11242 299.2542 8.328627 -99.51781 298.0418 8.328627 -93.43732 296.6272 8.328627 -95.26159 289.1508 8.328627 -98.50453 289.9591 8.328627 -100.1261 283.8972 8.328627 -102.3556 284.3014 8.328627 -102.761 282.6849 8.328627 -110.6657 284.7057 8.328627 -110.0576 286.9284 8.328627 -111.2737 287.3325 8.328627 -109.6521 293.5965 8.328627 -111.8816 294.2027 8.328627 -108.233 307.539 8.328627 -102.9633 306.1244 8.328627 -29.18748 97.59215 -4.087844 -27.16059 92.74257 -4.087844 -25.74175 93.34876 -4.087844 -22.90411 87.08473 -4.087844 -32.02523 82.8414 -4.087844 -31.01179 80.41661 -4.087844 -38.10601 77.1836 -4.087844 -37.49794 75.56708 -4.087844 -43.57871 72.94027 -4.087844 -42.36258 70.51548 -4.087844 -52.09182 66.07012 -4.087844 -55.74021 73.54657 -4.087844 -57.36175 72.73832 -4.087844 -59.794 77.58792 -4.087844 -52.29438 81.02295 -4.087844 -52.69975 82.23535 -4.087844 -46.4163 85.06421 -4.087844 -47.02436 86.68074 -4.087844 -40.74091 89.50961 -4.087844 -41.75435 91.73233 -4.087844 -29.18748 97.59215 6.912156 -27.16059 92.74257 6.912156 -25.74175 93.34876 6.912156 -22.90411 87.08473 6.912156 -32.02523 82.8414 6.912156 -31.01179 80.41661 6.912156 -38.10601 77.1836 6.912156 -37.49794 75.56708 6.912156 -43.57871 72.94027 6.912156 -42.36258 70.51548 6.912156 -52.09182 66.07012 6.912156 -55.74021 73.54657 6.912156 -57.36175 72.73832 6.912156 -59.794 77.58792 6.912156 -52.29438 81.02295 6.912156 -52.69975 82.23535 6.912156 -46.4163 85.06421 6.912156 -47.02436 86.68074 6.912156 -40.74091 89.50961 6.912156 -41.75435 91.73233 6.912156 -76.2096 263.8924 -9.571765 -69.31833 262.0737 -9.571765 -70.93988 256.2138 -9.571765 -72.96673 256.618 -9.571765 -73.57481 254.3953 -9.571765 -67.49427 252.5766 -9.571765 -69.31851 246.3126 -9.571765 -71.54805 246.9188 -9.571765 -73.16961 241.0589 -9.571765 -75.80451 241.8672 -9.571765 -76.20991 240.0487 -9.571765 -83.30389 242.0694 -9.571765 -83.10119 243.0797 -9.571765 -85.12804 243.686 -9.571765 -83.30378 249.7479 -9.571765 -85.12794 250.152 -9.571765 -83.30367 257.2243 -9.571765 -84.72246 258.0326 -9.571765 -83.70898 261.8718 -9.571765 -82.0875 261.4677 -9.571765 -81.47942 263.4883 -9.571765 -76.61499 262.2759 -9.571765 -76.2096 263.8924 18.42824 -69.31833 262.0737 18.42824 -70.93988 256.2138 18.42824 -72.96673 256.618 18.42824 -73.57481 254.3953 18.42824 -67.49427 252.5766 18.42824 -69.31851 246.3126 18.42824 -71.54805 246.9188 18.42824 -73.16961 241.0589 18.42824 -75.80451 241.8672 18.42824 -76.20991 240.0487 18.42824 -83.30389 242.0694 18.42824 -83.10119 243.0797 18.42824 -85.12804 243.686 18.42824 -83.30378 249.7479 18.42824 -85.12794 250.152 18.42824 -83.30367 257.2243 18.42824 -84.72246 258.0326 18.42824 -83.70898 261.8718 18.42824 -82.0875 261.4677 18.42824 -81.47942 263.4883 18.42824 -76.61499 262.2759 18.42824 -281.5328 198.0253 0.6807842 -259.2382 175.1909 0.6807842 -270.9946 163.8758 0.6807842 -293.2892 186.7102 0.6807842 -281.5328 198.0253 3.780784 -259.2382 175.1909 3.780784 -270.9946 163.8758 3.780784 -293.2892 186.7102 3.780784</float_array>
          <technique_common>
            <accessor count="1256" source="#verts-array-array" stride="3">
              <param type="float" name="X" />
              <param type="float" name="Y" />
              <param type="float" name="Z" />
            </accessor>
          </technique_common>
        </source>
        <source id="normals-array">
          <float_array count="3768" id="normals-array-array">0.2295518 0.7836473 -0.5772373 0.7826643 -0.2336641 -0.5769208 -0.238976 -0.7809538 -0.577063 -0.7814175 0.2347066 -0.5781864 0.2295518 0.7836473 0.5772373 0.7826643 -0.2336641 0.5769208 -0.238976 -0.7809538 0.577063 -0.7814175 0.2347066 0.5781864 0.1590419 0.8018134 -0.5760216 0.7996297 -0.161745 -0.5783001 -0.1491212 -0.8022446 -0.5780714 -0.8035261 0.146227 -0.5770298 0.1590419 0.8018134 0.5760216 0.7996297 -0.161745 0.5783001 -0.1491212 -0.8022446 0.5780714 -0.8035261 0.146227 0.5770298 0.237719 0.7796302 -0.5793673 0.7823236 -0.23854 -0.5753855 -0.2377193 -0.7796301 -0.5793672 -0.7823233 0.2385407 -0.5753856 0.237719 0.7796302 0.5793673 0.7823236 -0.23854 0.5753855 -0.2377193 -0.7796301 0.5793672 -0.7823233 0.2385407 0.5753856 0.2065703 0.7923501 -0.5740297 0.7820855 -0.2360222 -0.5767458 -0.2251208 -0.7833532 -0.5793776 -0.7913518 0.1951461 -0.5793792 0.2065703 0.7923501 0.5740297 0.7820855 -0.2360222 0.5767458 -0.2251208 -0.7833532 0.5793776 -0.7913518 0.1951461 0.5793792 0.1532895 0.8022982 -0.5769054 0.8010863 -0.1589896 -0.5770468 -0.1564953 -0.8009135 -0.5779678 -0.802345 0.1508409 -0.5774856 0.1532895 0.8022982 0.5769054 0.8010863 -0.1589896 0.5770468 -0.1564953 -0.8009135 0.5779678 -0.802345 0.1508409 0.5774856 0.2254848 0.784757 -0.5773327 0.78546 -0.2216187 -0.5778735 -0.2182778 -0.7868229 -0.5772907 -0.7860288 0.2221185 -0.5769073 0.2254848 0.784757 0.5773327 0.78546 -0.2216187 0.5778735 -0.2182778 -0.7868229 0.5772907 -0.7860288 0.2221185 0.5769073 0.1671923 0.799042 -0.5775626 0.8003925 -0.1575842 -0.5783935 -0.1567086 -0.8019515 -0.5764687 -0.7996751 0.16614 -0.5769898 0.1671923 0.799042 0.5775626 0.8003925 -0.1575842 0.5783935 -0.1567086 -0.8019515 0.5764687 -0.7996751 0.16614 0.5769898 0.218865 0.7865466 -0.5774448 0.7891668 -0.2044139 -0.5791638 -0.1995001 -0.7925239 -0.576286 -0.7886447 0.2136388 -0.5765397 0.218865 0.7865466 0.5774448 0.7891668 -0.2044139 0.5791638 -0.1995001 -0.7925239 0.576286 -0.7886447 0.2136388 0.5765397 0.1736655 0.7978853 -0.5772515 0.7986887 -0.1656851 -0.5784849 -0.1600905 -0.8009092 -0.5769883 -0.7995142 0.1679506 -0.5766886 0.1736655 0.7978853 0.5772515 0.7986887 -0.1656851 0.5784849 -0.1600905 -0.8009092 0.5769883 -0.7995142 0.1679506 0.5766886 0.2157449 0.7874629 -0.5773702 0.7874901 -0.2157522 -0.5773303 -0.2157453 -0.7874628 -0.5773701 -0.7874899 0.2157529 -0.5773304 0.2157449 0.7874629 0.5773702 0.7874901 -0.2157522 0.5773303 -0.2157453 -0.7874628 0.5773701 -0.7874899 0.2157529 0.5773304 0.1719346 0.7984762 -0.5769525 0.7976714 -0.1738811 -0.5774822 -0.1688624 -0.7984655 -0.5778739 -0.7994304 0.1669476 -0.5770958 0.1719346 0.7984762 0.5769525 0.7976714 -0.1738811 0.5774822 -0.1688624 -0.7984655 0.5778739 -0.7994304 0.1669476 0.5770958 0.2566043 0.7748745 -0.5776883 0.7740568 -0.2620998 -0.5763157 -0.2520657 -0.7748712 -0.5796874 -0.7791851 0.24771 -0.5757694 0.2566043 0.7748745 0.5776883 0.7740568 -0.2620998 0.5763157 -0.2520657 -0.7748712 0.5796874 -0.7791851 0.24771 0.5757694 0.2072227 0.7901204 -0.5768609 0.7852696 -0.2298479 -0.5749101 -0.2203642 -0.7834836 -0.5810276 -0.792354 0.1988842 -0.5767324 0.2072227 0.7901204 0.5768609 0.7852696 -0.2298479 0.5749101 -0.2203642 -0.7834836 0.5810276 -0.792354 0.1988842 0.5767324 0.1792058 0.7964807 -0.5774978 0.7966841 -0.1792513 -0.5772031 -0.1792061 -0.7964808 -0.5774977 -0.7966839 0.1792521 -0.5772031 0.1792058 0.7964807 0.5774978 0.7966841 -0.1792513 0.5772031 -0.1792061 -0.7964808 0.5774977 -0.7966839 0.1792521 0.5772031 0.2473208 0.7781363 -0.5773529 0.7781398 -0.2473218 -0.5773477 -0.2473212 -0.7781362 -0.5773528 -0.7781396 0.2473224 -0.5773477 0.2473208 0.7781363 0.5773529 0.7781398 -0.2473218 0.5773477 -0.2473212 -0.7781362 0.5773528 -0.7781396 0.2473224 0.5773477 0.1561021 0.8013265 -0.5775014 0.8002338 -0.1679187 -0.5756989 -0.176703 -0.7968041 -0.5778229 -0.7988687 0.1650948 -0.5784051 0.1561021 0.8013265 0.5775014 0.8002338 -0.1679187 0.5756989 -0.176703 -0.7968041 0.5778229 -0.7988687 0.1650948 0.5784051 0.2460086 0.7781978 -0.5778303 0.7788432 -0.2462125 -0.5768732 -0.2460096 -0.7781977 -0.5778302 -0.7788427 0.2462136 -0.5768734 0.2460086 0.7781978 0.5778303 0.7788432 -0.2462125 0.5768732 -0.2460096 -0.7781977 0.5778302 -0.7788427 0.2462136 0.5768734 0.2608073 0.7738839 -0.5771337 0.7735932 -0.2607092 -0.5775675 -0.2608084 -0.7738836 -0.5771335 -0.7735927 0.2607105 -0.5775677 0.2608073 0.7738839 0.5771337 0.7735932 -0.2607092 0.5775675 -0.2608084 -0.7738836 0.5771335 -0.7735927 0.2607105 0.5775677 0.2530534 0.7756901 -0.5781598 0.777541 -0.2500236 -0.5769907 -0.2524686 -0.7764696 -0.5773687 -0.7757171 0.2558568 -0.5768885 0.2530534 0.7756901 0.5781598 0.777541 -0.2500236 0.5769907 -0.2524686 -0.7764696 0.5773687 -0.7757171 0.2558568 0.5768885 0.1797556 0.7983497 -0.5747396 0.79381 -0.1855416 -0.5791719 -0.1505282 -0.8004426 -0.5802007 -0.8049645 0.1445984 -0.5754333 0.1797556 0.7983497 0.5747396 0.79381 -0.1855416 0.5791719 -0.1505282 -0.8004426 0.5802007 -0.8049645 0.1445984 0.5754333 0.1752802 0.7985334 -0.5758657 0.7939905 -0.1929029 -0.5765132 -0.1601321 -0.7968501 -0.5825698 -0.8057218 0.1433352 -0.574689 0.1752802 0.7985334 0.5758657 0.7939905 -0.1929029 0.5765132 -0.1601321 -0.7968501 0.5825698 -0.8057218 0.1433352 0.574689 -0.3309702 0.7479344 -0.5753719 0.7492955 0.322665 -0.578311 0.3252391 -0.7494273 -0.5766961 -0.7548879 -0.3130853 -0.5763001 -0.6521104 0.257452 -0.7130711 -0.3309702 0.7479344 0.5753719 0.7492955 0.322665 0.578311 0.3252391 -0.7494273 0.5766961 -0.7548879 -0.3130853 0.5763001 -0.6521104 0.257452 0.7130711 0.1628652 0.797903 -0.5803669 0.8038362 -0.1458489 -0.5766936 -0.1689823 -0.8004818 -0.5750425 -0.7949816 0.1860629 -0.5773949 0.1628652 0.797903 0.5803669 0.8038362 -0.1458489 0.5766936 -0.1689823 -0.8004818 0.5750425 -0.7949816 0.1860629 0.5773949 0.1523598 0.8004335 -0.579735 0.8034856 -0.1550362 -0.5747823 -0.1872748 -0.7959087 -0.5757235 -0.7939245 0.1847014 -0.5792835 0.1523598 0.8004335 0.579735 0.8034856 -0.1550362 0.5747823 -0.1872748 -0.7959087 0.5757235 -0.7939245 0.1847014 0.5792835 0.2704099 0.7697108 -0.5782939 0.7721152 -0.2662388 -0.5770226 -0.2594366 -0.7732747 -0.5785662 -0.7737709 0.2646009 -0.5755562 0.2704099 0.7697108 0.5782939 0.7721152 -0.2662388 0.5770226 -0.2594366 -0.7732747 0.5785662 -0.7737709 0.2646009 0.5755562 0.2663984 0.7718783 -0.5772657 0.771356 -0.2680134 -0.5772164 -0.273024 -0.7698975 -0.5768151 -0.7695996 0.2711193 -0.5781096 0.2663984 0.7718783 0.5772657 0.771356 -0.2680134 0.5772164 -0.273024 -0.7698975 0.5768151 -0.7695996 0.2711193 0.5781096 0.2529952 0.7720914 -0.5829823 0.7879278 -0.2142451 -0.5772943 -0.2142251 -0.7878513 -0.5774062 -0.7889476 0.2083213 -0.5780691 -0.3295442 0.6399307 -0.6941825 0.2529952 0.7720914 0.5829823 0.7879278 -0.2142451 0.5772943 -0.2142251 -0.7878513 0.5774062 -0.7889476 0.2083213 0.5780691 -0.3295442 0.6399307 0.6941825 0.2038281 0.7905889 -0.5774282 0.790808 -0.2031639 -0.5773623 0.3725921 -0.5938983 -0.7130638 -0.1774047 -0.7984735 -0.5752979 -0.7924924 0.1987634 -0.5765838 0.2038281 0.7905889 0.5774282 0.790808 -0.2031639 0.5773623 0.3725921 -0.5938983 0.7130638 -0.1774047 -0.7984735 0.5752979 -0.7924924 0.1987634 0.5765838 0.4184024 0.7012983 -0.5771656 0.6967031 -0.427228 -0.5762647 -0.4264202 -0.6953845 -0.5784515 -0.6969203 0.42679 -0.5763267 -0.3615038 0.2264659 -0.9044491 -0.6961344 0.4249733 -0.5786144 0.4184024 0.7012983 0.5771656 0.6967031 -0.427228 0.5762647 -0.4264202 -0.6953845 0.5784515 -0.6969203 0.42679 0.5763267 -0.3615038 0.2264659 0.9044491 -0.6961344 0.4249733 0.5786144 0.2819027 0.7662325 -0.5774241 0.6337501 0.3055204 -0.7106462 0.7717319 -0.2702906 -0.57565 -0.2810056 -0.7664721 -0.5775434 -0.7667282 0.2810996 -0.5771576 0.2819027 0.7662325 0.5774241 0.6337501 0.3055204 0.7106462 0.7717319 -0.2702906 0.57565 -0.2810056 -0.7664721 0.5775434 -0.7667282 0.2810996 0.5771576 0.1847335 0.7946695 -0.5782507 0.7969374 -0.1773112 -0.5774527 -0.1813229 -0.7965539 -0.5767356 -0.7954701 0.1828649 -0.5777437 -0.4165332 0.09481198 -0.904163 -0.7951949 0.1871593 -0.5767464 0.1847335 0.7946695 0.5782507 0.7969374 -0.1773112 0.5774527 -0.1813229 -0.7965539 0.5767356 -0.7954701 0.1828649 0.5777437 -0.4165332 0.09481198 0.904163 -0.7951949 0.1871593 0.5767464 -0.03297666 0.8146984 -0.5789464 0.8029946 0.1082856 -0.5860665 0.5359084 -0.5194076 -0.6655959 0.441841 -0.5213657 -0.7300372 0.007383615 -0.8170215 -0.5765599 -0.7171662 -0.2976603 -0.6301357 -0.7193957 0.2873431 -0.6323795 -0.03297666 0.8146984 0.5789464 0.8029946 0.1082856 0.5860665 0.5359084 -0.5194076 0.6655959 0.441841 -0.5213657 0.7300372 0.007383615 -0.8170215 0.5765599 -0.7171662 -0.2976603 0.6301357 -0.7193957 0.2873431 0.6323795 0.1629497 0.7996881 -0.5778809 0.5962722 0.3861509 -0.7038089 0.7968602 -0.1746271 -0.5783764 -0.1640863 -0.7995624 -0.5777332 -0.8000916 0.1641951 -0.5769692 0.1629497 0.7996881 0.5778809 0.5962722 0.3861509 0.7038089 0.7968602 -0.1746271 0.5783764 -0.1640863 -0.7995624 0.5777332 -0.8000916 0.1641951 0.5769692 0.1756574 0.7976022 -0.57704 0.7972875 -0.174649 -0.5777806 -0.1759099 -0.7977367 -0.5767772 -0.5626379 -0.4045334 -0.7209655 -0.8102991 0.1288471 -0.5716763 0.1756574 0.7976022 0.57704 0.7972875 -0.174649 0.5777806 -0.1759099 -0.7977367 0.5767772 -0.5626379 -0.4045334 0.7209655 -0.8102991 0.1288471 0.5716763 0.1911786 0.7932762 -0.5780689 0.7962413 -0.1769811 -0.5785131 -0.1674667 -0.7990506 -0.5774713 -0.7981984 0.1758265 -0.5761634 0.1362792 0.8003268 -0.5838707 0.0804645 0.4519009 -0.8884318 0.1911786 0.7932762 0.5780689 0.7962413 -0.1769811 0.5785131 -0.1674667 -0.7990506 0.5774713 -0.7981984 0.1758265 0.5761634 0.1362792 0.8003268 0.5838707 0.0804645 0.4519009 0.8884318 0.2871406 0.7642955 -0.5774104 0.764375 -0.2871704 -0.5772902 -0.2843845 -0.7650477 -0.5777781 -0.6510037 -0.2866022 -0.7028893 -0.7587974 0.298456 -0.5789219 0.2871406 0.7642955 0.5774104 0.764375 -0.2871704 0.5772902 -0.2843845 -0.7650477 0.5777781 -0.6510037 -0.2866022 0.7028893 -0.7587974 0.298456 0.5789219 0.1544516 0.8017794 -0.5773167 0.8023121 -0.1483699 -0.578171 0.3694615 -0.6214662 -0.690853 -0.2006435 -0.7855206 -0.5854055 -0.8032402 0.1491462 -0.5766806 0.1544516 0.8017794 0.5773167 0.8023121 -0.1483699 0.578171 0.3694615 -0.6214662 0.690853 -0.2006435 -0.7855206 0.5854055 -0.8032402 0.1491462 0.5766806 0.188395 0.7934432 -0.5787532 0.796179 -0.1830194 -0.5767174 -0.1841998 -0.7951152 -0.5778082 -0.7963128 0.1801435 -0.5774376 -0.4108701 0.08705947 -0.9075276 -0.7984016 0.1795017 -0.574747 0.188395 0.7934432 0.5787532 0.796179 -0.1830194 0.5767174 -0.1841998 -0.7951152 0.5778082 -0.7963128 0.1801435 0.5774376 -0.4108701 0.08705947 0.9075276 -0.7984016 0.1795017 0.574747 0.1871535 0.7955904 -0.5762026 0.7940438 -0.1864519 -0.5785586 -0.1874829 -0.7956024 -0.5760789 -0.7961042 0.1691497 -0.5810392 -0.3948951 0.592567 -0.7020841 0.1871535 0.7955904 0.5762026 0.7940438 -0.1864519 0.5785586 -0.1874829 -0.7956024 0.5760789 -0.7961042 0.1691497 0.5810392 -0.3948951 0.592567 0.7020841 -0.3193912 0.751901 -0.5767444 0.7557791 0.3102227 -0.57668 0.6500195 -0.283151 -0.7051951 0.30166 -0.75769 -0.5787116 0.1692904 -0.3718343 -0.9127322 0.3374361 -0.7465312 -0.5734353 -0.7522999 -0.3153008 -0.5784723 -0.3193912 0.751901 0.5767444 0.7557791 0.3102227 0.57668 0.6500195 -0.283151 0.7051951 0.30166 -0.75769 0.5787116 0.1692904 -0.3718343 0.9127322 0.3374361 -0.7465312 0.5734353 -0.7522999 -0.3153008 0.5784723 0.1800633 0.7964058 -0.5773343 0.5904254 0.3835976 -0.7101061 0.7988402 -0.1761913 -0.5751616 -0.1771106 -0.7955735 -0.5793916 -0.5966575 -0.3847552 -0.7042466 -0.7960165 0.1811894 -0.5775189 0.1800633 0.7964058 0.5773343 0.5904254 0.3835976 0.7101061 0.7988402 -0.1761913 0.5751616 -0.1771106 -0.7955735 0.5793916 -0.5966575 -0.3847552 0.7042466 -0.7960165 0.1811894 0.5775189 -0.03509588 0.8151739 -0.578152 0.8181496 0.02006105 -0.5746554 0.4123168 0.01082025 -0.9109763 0.8154831 0.04287837 -0.5771904 0.0463377 -0.8147464 -0.5779629 -0.8145502 -0.05330738 -0.5776386 -0.4290799 -0.02623609 -0.9028854 -0.8163652 -0.03655424 -0.5763781 -0.03509588 0.8151739 0.578152 0.8181496 0.02006105 0.5746554 0.4123168 0.01082025 0.9109763 0.8154831 0.04287837 0.5771904 0.0463377 -0.8147464 0.5779629 -0.8145502 -0.05330738 0.5776386 -0.4290799 -0.02623609 0.9028854 -0.8163652 -0.03655424 0.5763781 0.1790213 0.7965408 -0.5774722 0.7968726 -0.177802 -0.5773911 -0.3062689 -0.7680967 -0.5623405 -0.6085725 -0.267777 -0.7469504 -0.7982486 0.1773332 -0.5756318 -0.4127911 0.0967702 -0.9056705 -0.7960148 0.1812013 -0.5775175 0.1790213 0.7965408 0.5774722 0.7968726 -0.177802 0.5773911 -0.3062689 -0.7680967 0.5623405 -0.6085725 -0.267777 0.7469504 -0.7982486 0.1773332 0.5756318 -0.4127911 0.0967702 0.9056705 -0.7960148 0.1812013 0.5775175 0.1731409 0.797285 -0.5782378 0.7987035 -0.1717981 -0.5766786 -0.145118 -0.800458 -0.5815563 -0.5869365 -0.4086673 -0.6989253 -0.7983469 0.1695035 -0.5778502 -0.4391166 0.1179869 -0.890649 -0.7829498 0.2178442 -0.582695 0.1731409 0.797285 0.5782378 0.7987035 -0.1717981 0.5766786 -0.145118 -0.800458 0.5815563 -0.5869365 -0.4086673 0.6989253 -0.7983469 0.1695035 0.5778502 -0.4391166 0.1179869 0.890649 -0.7829498 0.2178442 0.582695 0.1712244 0.7986055 -0.5769848 0.799529 -0.1582454 -0.5794064 0.4238803 -0.07978181 -0.9021975 0.8014024 -0.1537322 -0.5780316 0.3443638 -0.6442387 -0.6829129 -0.2455204 -0.7704707 -0.5882981 -0.7985439 0.1696849 -0.5775245 0.1712244 0.7986055 0.5769848 0.799529 -0.1582454 0.5794064 0.4238803 -0.07978181 0.9021975 0.8014024 -0.1537322 0.5780316 0.3443638 -0.6442387 0.6829129 -0.2455204 -0.7704707 0.5882981 -0.7985439 0.1696849 0.5775245 0.1506875 0.7988523 -0.5823472 0.5896669 0.4064878 -0.6978973 0.7965342 -0.1784545 -0.5776567 -0.1765969 -0.7972087 -0.577297 -0.7970002 0.1776303 -0.5772679 0.1458197 0.8002582 -0.5816558 0.08321623 0.4411597 -0.8935621 0.1506875 0.7988523 0.5823472 0.5896669 0.4064878 0.6978973 0.7965342 -0.1784545 0.5776567 -0.1765969 -0.7972087 0.577297 -0.7970002 0.1776303 0.5772679 0.1458197 0.8002582 0.5816558 0.08321623 0.4411597 0.8935621 0.0874992 0.8027779 -0.5898233 0.5635165 0.461524 -0.6851603 0.5419474 0.4245267 -0.7253069 0.8163235 -0.08991743 -0.5705531 -0.1585233 -0.8022731 -0.5755244 -0.7977998 0.1747769 -0.5770342 0.0874992 0.8027779 0.5898233 0.5635165 0.461524 0.6851603 0.5419474 0.4245267 0.7253069 0.8163235 -0.08991743 0.5705531 -0.1585233 -0.8022731 0.5755244 -0.7977998 0.1747769 0.5770342 0.1580121 0.8011549 -0.57722 0.5895568 0.391654 -0.7064205 0.8002916 -0.1601222 -0.5778358 -0.1559616 -0.8014125 -0.5774202 -0.8009682 0.16111 -0.5766225 0.1821052 0.7973628 -0.5753697 0.08973042 0.4040048 -0.9103453 0.1580121 0.8011549 0.57722 0.5895568 0.391654 0.7064205 0.8002916 -0.1601222 0.5778358 -0.1559616 -0.8014125 0.5774202 -0.8009682 0.16111 0.5766225 0.1821052 0.7973628 0.5753697 0.08973042 0.4040048 0.9103453 0.1601658 0.8034761 -0.5733874 0.7970984 -0.1659733 -0.580592 0.4407128 -0.5263355 -0.7271473 -0.09289824 -0.8187911 -0.5665255 -0.7984245 0.1616524 -0.5799887 -0.4090585 0.5744093 -0.7090311 0.1601658 0.8034761 0.5733874 0.7970984 -0.1659733 0.580592 0.4407128 -0.5263355 0.7271473 -0.09289824 -0.8187911 0.5665255 -0.7984245 0.1616524 0.5799887 -0.4090585 0.5744093 0.7090311 0.1923926 0.7955731 -0.5744985 0.5993314 0.3641339 -0.7128874 0.7978704 -0.1734409 -0.5773397 -0.1737348 -0.7978189 -0.5773224 -0.7974767 0.1761388 -0.5770668 0.1458258 0.8002571 -0.5816558 0.07721012 0.4366355 -0.8963192 0.1923926 0.7955731 0.5744985 0.5993314 0.3641339 0.7128874 0.7978704 -0.1734409 0.5773397 -0.1737348 -0.7978189 0.5773224 -0.7974767 0.1761388 0.5770668 0.1458258 0.8002571 0.5816558 0.07721012 0.4366355 0.8963192 0.0231218 0.8117252 -0.5835817 0.01926379 0.4601575 -0.8876283 0.1615013 0.8064004 -0.56889 0.7875848 -0.2080986 -0.5800044 -0.08110726 -0.801404 -0.5925988 -0.009282555 -0.4518688 -0.8920361 -0.05778742 -0.8142984 -0.5775627 -0.8146805 0.06297562 -0.5764806 0.0231218 0.8117252 0.5835817 0.01926379 0.4601575 0.8876283 0.1615013 0.8064004 0.56889 0.7875848 -0.2080986 0.5800044 -0.08110726 -0.801404 0.5925988 -0.009282555 -0.4518688 0.8920361 -0.05778742 -0.8142984 0.5775627 -0.8146805 0.06297562 0.5764806 0.1128686 0.8094998 -0.5761691 0.8083121 -0.06128698 -0.5855557 0.4474015 -0.02027917 -0.8941033 0.06500125 0.4484832 -0.8914245 0.09269281 0.8044751 -0.5867094 0.8173783 -0.06240772 -0.5727111 -0.1040334 -0.8102854 -0.5767275 -0.8093242 0.106161 -0.5776887 0.1128686 0.8094998 0.5761691 0.8083121 -0.06128698 0.5855557 0.4474015 -0.02027917 0.8941033 0.06500125 0.4484832 0.8914245 0.09269281 0.8044751 0.5867094 0.8173783 -0.06240772 0.5727111 -0.1040334 -0.8102854 0.5767275 -0.8093242 0.106161 0.5776887 0.1414739 0.8038845 -0.5777153 0.803963 -0.1464552 -0.576363 0.4200437 -0.08200617 -0.9037911 0.8018241 -0.1492854 -0.5786121 -0.1456205 -0.8039334 -0.5766158 -0.802503 0.1498839 -0.5775152 0.1659233 0.8010397 -0.5751565 0.08296417 0.40606 -0.9100727 0.1414739 0.8038845 0.5777153 0.803963 -0.1464552 0.576363 0.4200437 -0.08200617 0.9037911 0.8018241 -0.1492854 0.5786121 -0.1456205 -0.8039334 0.5766158 -0.802503 0.1498839 0.5775152 0.1659233 0.8010397 0.5751565 0.08296417 0.40606 0.9100727 0.1616006 0.8011444 -0.5762404 0.093602 0.4206989 -0.9023586 0.1763342 0.7964378 -0.5784402 0.7993757 -0.1647111 -0.5778137 0.4185654 -0.0849401 -0.9042058 0.7996217 -0.1664726 -0.576968 -0.1652839 -0.7992135 -0.5778746 -0.8008422 0.1570822 -0.5779073 0.1616006 0.8011444 0.5762404 0.093602 0.4206989 0.9023586 0.1763342 0.7964378 0.5784402 0.7993757 -0.1647111 0.5778137 0.4185654 -0.0849401 0.9042058 0.7996217 -0.1664726 0.576968 -0.1652839 -0.7992135 0.5778746 -0.8008422 0.1570822 0.5779073 -0.0436173 0.8149505 -0.5778868 0.8163657 0.03897939 -0.5762185 0.05248662 -0.8127016 -0.5803114 0.02867057 -0.4386978 -0.8981772 0.03350339 -0.8156112 -0.5776296 -0.8166822 -0.02824713 -0.5763959 -0.01100344 0.8173046 -0.5761008 -0.01033829 0.4145333 -0.9099754 -0.0436173 0.8149505 0.5778868 0.8163657 0.03897939 0.5762185 0.05248662 -0.8127016 0.5803114 0.02867057 -0.4386978 0.8981772 0.03350339 -0.8156112 0.5776296 -0.8166822 -0.02824713 0.5763959 -0.01100344 0.8173046 0.5761008 -0.01033829 0.4145333 0.9099754 0.1601011 0.8005379 -0.5775005 0.09625398 0.4281301 -0.8985765 0.1786776 0.7947462 -0.5800455 0.8007462 -0.1601415 -0.5772004 0.4149716 -0.08039062 -0.9062758 0.8025548 -0.1511485 -0.5771134 -0.1633429 -0.80095 -0.5760193 -0.7986157 0.1671989 -0.5781501 0.1601011 0.8005379 0.5775005 0.09625398 0.4281301 0.8985765 0.1786776 0.7947462 0.5800455 0.8007462 -0.1601415 0.5772004 0.4149716 -0.08039062 0.9062758 0.8025548 -0.1511485 0.5771134 -0.1633429 -0.80095 0.5760193 -0.7986157 0.1671989 0.5781501 0.2329155 0.7827155 -0.5771541 0.7830665 -0.2297251 -0.5779561 0.3939498 -0.09549448 -0.9141577 0.8046661 -0.09602129 -0.5859116 -0.1365524 -0.81347 -0.5653494 -0.7839974 0.2248874 -0.5785963 -0.4107424 0.1120323 -0.9048422 -0.7863527 0.2228549 -0.5761816 0.2329155 0.7827155 0.5771541 0.7830665 -0.2297251 0.5779561 0.3939498 -0.09549448 0.9141577 0.8046661 -0.09602129 0.5859116 -0.1365524 -0.81347 0.5653494 -0.7839974 0.2248874 0.5785963 -0.4107424 0.1120323 0.9048422 -0.7863527 0.2228549 0.5761816 0.2680068 0.7711417 -0.5775057 0.7680217 -0.2809354 -0.5755154 -0.2750921 -0.7668339 -0.5799053 -0.114037 -0.3914872 -0.91309 -0.22068 -0.7881225 -0.5745983 -0.7780609 0.2503826 -0.5761334 -0.4003641 0.1288387 -0.9072536 -0.7768684 0.2555667 -0.575466 0.2680068 0.7711417 0.5775057 0.7680217 -0.2809354 0.5755154 -0.2750921 -0.7668339 0.5799053 -0.114037 -0.3914872 0.91309 -0.22068 -0.7881225 0.5745983 -0.7780609 0.2503826 0.5761334 -0.4003641 0.1288387 0.9072536 -0.7768684 0.2555667 0.575466 0.259669 0.7731583 -0.5786176 0.7760622 -0.2550598 -0.5767771 -0.2523135 -0.7758572 -0.578259 -0.7791324 0.2434181 -0.577668 0.2494523 0.7782612 -0.5762664 0.1399939 0.407995 -0.9021872 -0.4037503 0.1456385 -0.9032027 -0.7681245 0.275101 -0.5781904 0.259669 0.7731583 0.5786176 0.7760622 -0.2550598 0.5767771 -0.2523135 -0.7758572 0.578259 -0.7791324 0.2434181 0.577668 0.2494523 0.7782612 0.5762664 0.1399939 0.407995 0.9021872 -0.4037503 0.1456385 0.9032027 -0.7681245 0.275101 0.5781904 0.1750369 0.796734 -0.5784263 0.08537298 0.4159162 -0.9053867 0.1665574 0.7998193 -0.5766695 0.7975837 -0.1769603 -0.5766674 0.3820943 -0.5914669 -0.7100499 -0.1601079 -0.8005376 -0.5774989 -0.08376219 -0.418809 -0.9042029 -0.1704161 -0.7993608 -0.5761777 -0.7963108 0.1812922 -0.5770808 0.1750369 0.796734 0.5784263 0.08537298 0.4159162 0.9053867 0.1665574 0.7998193 0.5766695 0.7975837 -0.1769603 0.5766674 0.3820943 -0.5914669 0.7100499 -0.1601079 -0.8005376 0.5774989 -0.08376219 -0.418809 0.9042029 -0.1704161 -0.7993608 0.5761777 -0.7963108 0.1812922 0.5770808 -0.5090605 0.6411315 -0.5742889 0.6355195 0.508533 -0.5809554 0.2877493 0.2755516 -0.9172086 0.558787 0.5955308 -0.5771483 0.595043 -0.5589489 -0.5774945 -0.5686971 -0.5875449 -0.5756515 -0.3401888 -0.3022991 -0.8904419 -0.6317498 -0.5152851 -0.5791144 -0.5090605 0.6411315 0.5742889 0.6355195 0.508533 0.5809554 0.2877493 0.2755516 0.9172086 0.558787 0.5955308 0.5771483 0.595043 -0.5589489 0.5774945 -0.5686971 -0.5875449 0.5756515 -0.3401888 -0.3022991 0.8904419 -0.6317498 -0.5152851 0.5791144 0.2479114 0.7782347 -0.5769669 0.7749232 -0.2599073 -0.5761443 -0.2572741 -0.7737804 -0.5788558 -0.7832472 0.2223316 -0.5805966 -0.4246617 0.120746 -0.8972641 -0.07844126 -0.3681406 -0.9264553 -0.1817973 -0.8036673 -0.5666291 -0.7743676 0.2555413 -0.578838 0.2479114 0.7782347 0.5769669 0.7749232 -0.2599073 0.5761443 -0.2572741 -0.7737804 0.5788558 -0.7832472 0.2223316 0.5805966 -0.4246617 0.120746 0.8972641 -0.07844126 -0.3681406 0.9264553 -0.1817973 -0.8036673 0.5666291 -0.7743676 0.2555413 0.578838 0.1994727 0.7908588 -0.5785784 0.09667669 0.41258 -0.9057766 0.184025 0.7956734 -0.5770949 0.09851896 0.4162388 -0.9039023 0.1561039 0.7981436 -0.581892 0.805405 -0.1461054 -0.5744354 -0.1726358 -0.7984325 -0.5768036 -0.7967899 0.1794386 -0.5769988 -0.367703 0.6083841 -0.703323 0.1994727 0.7908588 0.5785784 0.09667669 0.41258 0.9057766 0.184025 0.7956734 0.5770949 0.09851896 0.4162388 0.9039023 0.1561039 0.7981436 0.581892 0.805405 -0.1461054 0.5744354 -0.1726358 -0.7984325 0.5768036 -0.7967899 0.1794386 0.5769988 -0.367703 0.6083841 0.703323 -0.4823232 0.6592811 -0.5768126 0.6739527 0.4639655 -0.574912 0.2848132 0.2352537 -0.929267 0.5544927 0.5971697 -0.5795914 0.5839803 -0.5758338 -0.5721735 -0.5887196 -0.5633479 -0.5796968 -0.3619729 -0.3008663 -0.882301 -0.6638452 -0.4730873 -0.5792219 -0.4823232 0.6592811 0.5768126 0.6739527 0.4639655 0.574912 0.2848132 0.2352537 0.929267 0.5544927 0.5971697 0.5795914 0.5839803 -0.5758338 0.5721735 -0.5887196 -0.5633479 0.5796968 -0.3619729 -0.3008663 0.882301 -0.6638452 -0.4730873 0.5792219 0.1067551 0.8097472 -0.576986 0.0593744 0.4244649 -0.9034955 0.112646 0.8083166 -0.5778713 0.8090438 -0.1127475 -0.5768328 -0.1070655 -0.8085561 -0.5785966 -0.8102893 0.1072955 -0.576124 -0.4228953 0.06193939 -0.9040592 -0.08815358 -0.4418786 -0.892733 -0.1549228 -0.797349 -0.5832953 -0.8089729 0.1078429 -0.5778692 0.1067551 0.8097472 0.576986 0.0593744 0.4244649 0.9034955 0.112646 0.8083166 0.5778713 0.8090438 -0.1127475 0.5768328 -0.1070655 -0.8085561 0.5785966 -0.8102893 0.1072955 0.576124 -0.4228953 0.06193939 0.9040592 -0.08815358 -0.4418786 0.892733 -0.1549228 -0.797349 0.5832953 -0.8089729 0.1078429 0.5778692 -0.04116086 0.8133472 -0.5803206 0.8151604 0.05681538 -0.5764421 0.4320593 0.02094642 -0.9016019 0.8168592 0.02208518 -0.5764141 0.03191125 -0.814275 -0.5796015 0.03128797 -0.4180228 -0.9078976 0.05298947 -0.8165533 -0.5748328 -0.8159357 -0.03220743 -0.5772448 -0.4244117 -0.01771089 -0.9052961 -0.8168414 -0.02770856 -0.5761965 -0.04116086 0.8133472 0.5803206 0.8151604 0.05681538 0.5764421 0.4320593 0.02094642 0.9016019 0.8168592 0.02208518 0.5764141 0.03191125 -0.814275 0.5796015 0.03128797 -0.4180228 0.9078976 0.05298947 -0.8165533 0.5748328 -0.8159357 -0.03220743 0.5772448 -0.4244117 -0.01771089 0.9052961 -0.8168414 -0.02770856 0.5761965 0.09686775 0.8068563 -0.5827517 0.07084231 0.4609521 -0.8845928 0.1936902 0.7935155 -0.5769032 0.7918508 -0.2003504 -0.5769159 -0.1909147 -0.7926539 -0.579009 -0.7955738 0.1869051 -0.5763062 -0.4467872 0.1577114 -0.8806295 -0.768523 0.2407059 -0.5928179 0.09686775 0.8068563 0.5827517 0.07084231 0.4609521 0.8845928 0.1936902 0.7935155 0.5769032 0.7918508 -0.2003504 0.5769159 -0.1909147 -0.7926539 0.579009 -0.7955738 0.1869051 0.5763062 -0.4467872 0.1577114 0.8806295 -0.768523 0.2407059 0.5928179 0.1885154 0.7866004 -0.587981 0.1497132 0.4797287 -0.8645498 0.3189516 0.7464578 -0.5840125 0.1377536 0.3982548 -0.9068721 0.2637221 0.7731812 -0.5767509 0.7704222 -0.2713369 -0.5769107 -0.2787139 -0.767876 -0.5767885 -0.1494637 -0.4010437 -0.9037835 -0.2850562 -0.7648661 -0.5776875 -0.7684375 0.2733662 -0.5785972 0.1885154 0.7866004 0.587981 0.1497132 0.4797287 0.8645498 0.3189516 0.7464578 0.5840125 0.1377536 0.3982548 0.9068721 0.2637221 0.7731812 0.5767509 0.7704222 -0.2713369 0.5769107 -0.2787139 -0.767876 0.5767885 -0.1494637 -0.4010437 0.9037835 -0.2850562 -0.7648661 0.5776875 -0.7684375 0.2733662 0.5785972 -0.463958 0.6702053 -0.5792821 0.6501246 0.4910504 -0.579834 0.3704572 0.2615131 -0.8912757 0.655898 0.4770203 -0.5850209 0.308656 0.2738897 -0.9108874 0.6198435 0.5359131 -0.5732288 0.484362 -0.660895 -0.5732463 -0.6390476 -0.4991975 -0.5851667 -0.3310941 -0.2856706 -0.8993159 -0.6585277 -0.4888561 -0.5721547 -0.463958 0.6702053 0.5792821 0.6501246 0.4910504 0.579834 0.3704572 0.2615131 0.8912757 0.655898 0.4770203 0.5850209 0.308656 0.2738897 0.9108874 0.6198435 0.5359131 0.5732288 0.484362 -0.660895 0.5732463 -0.6390476 -0.4991975 0.5851667 -0.3310941 -0.2856706 0.8993159 -0.6585277 -0.4888561 0.5721547 0.1625952 0.8002669 -0.5771791 0.7993952 -0.1681198 -0.5768042 -0.1741438 -0.7978909 -0.5770997 -0.003385614 -0.317859 -0.9481319 0.007272688 -0.8283415 -0.5601763 -0.802755 0.1532333 -0.5762847 -0.4142125 0.07945269 -0.9067057 -0.1147794 -0.4465364 -0.887373 -0.1990507 -0.7857533 -0.5856369 -0.8033354 0.1511863 -0.5760164 0.1625952 0.8002669 0.5771791 0.7993952 -0.1681198 0.5768042 -0.1741438 -0.7978909 0.5770997 -0.003385614 -0.317859 0.9481319 0.007272688 -0.8283415 0.5601763 -0.802755 0.1532333 0.5762847 -0.4142125 0.07945269 0.9067057 -0.1147794 -0.4465364 0.887373 -0.1990507 -0.7857533 0.5856369 -0.8033354 0.1511863 0.5760164 0.1712518 0.7992579 -0.5760726 0.7974759 -0.1708698 -0.5786499 -0.1108785 -0.8040526 -0.5841279 -0.8123902 0.1242094 -0.5697317 -0.4127112 0.09291328 -0.9061107 -0.07852056 -0.406858 -0.9101105 -0.1440566 -0.8044804 -0.5762456 -0.8029312 0.1437793 -0.5784713 -0.4265576 0.07819058 -0.9010743 -0.8007438 0.1601512 -0.577201 0.1712518 0.7992579 0.5760726 0.7974759 -0.1708698 0.5786499 -0.1108785 -0.8040526 0.5841279 -0.8123902 0.1242094 0.5697317 -0.4127112 0.09291328 0.9061107 -0.07852056 -0.406858 0.9101105 -0.1440566 -0.8044804 0.5762456 -0.8029312 0.1437793 0.5784713 -0.4265576 0.07819058 0.9010743 -0.8007438 0.1601512 0.577201 0.369867 0.7272661 -0.5781716 0.2041147 0.3870279 -0.8991922 0.3896244 0.7166862 -0.5784062 0.1928209 0.3737598 -0.9072617 0.367464 0.7293121 -0.5771257 0.7274025 -0.3714066 -0.5770119 -0.3688476 -0.7279076 -0.5780156 -0.1909017 -0.381801 -0.9043144 -0.3697257 -0.7284139 -0.5768155 -0.7254941 0.3749605 -0.577116 -0.3763038 0.1916161 -0.9064649 -0.7282956 0.3703913 -0.5765378 0.369867 0.7272661 0.5781716 0.2041147 0.3870279 0.8991922 0.3896244 0.7166862 0.5784062 0.1928209 0.3737598 0.9072617 0.367464 0.7293121 0.5771257 0.7274025 -0.3714066 0.5770119 -0.3688476 -0.7279076 0.5780156 -0.1909017 -0.381801 0.9043144 -0.3697257 -0.7284139 0.5768155 -0.7254941 0.3749605 0.577116 -0.3763038 0.1916161 0.9064649 -0.7282956 0.3703913 0.5765378 -0.2134998 0.7877563 -0.5778043 0.786299 0.2191976 -0.5776558 0.2179146 -0.7872428 -0.5768552 0.1086894 -0.417877 -0.9019786 0.2062045 -0.7890976 -0.5786231 -0.7873056 -0.2162447 -0.5773977 -0.2138762 0.7882603 -0.5769772 0.7882631 0.2123542 -0.5775352 0.4081667 0.1132167 -0.9058598 -0.1140815 0.4149425 -0.9026672 -0.2134998 0.7877563 0.5778043 0.786299 0.2191976 0.5776558 0.2179146 -0.7872428 0.5768552 0.1086894 -0.417877 0.9019786 0.2062045 -0.7890976 0.5786231 -0.7873056 -0.2162447 0.5773977 -0.2138762 0.7882603 0.5769772 0.7882631 0.2123542 0.5775352 0.4081667 0.1132167 0.9058598 -0.1140815 0.4149425 0.9026672 0.2268254 0.7850938 -0.5763488 0.7808452 -0.240691 -0.5764969 -0.1870296 -0.7887475 -0.5855743 -0.05596703 -0.4110225 -0.9099056 -0.1257825 -0.8097958 -0.5730702 -0.7807975 0.2677052 -0.5645257 -0.3518305 0.135718 -0.9261727 -0.04858138 -0.3533152 -0.934242 -0.1325976 -0.8161607 -0.5624051 -0.774676 0.2582498 -0.5772211 -0.3881124 0.1106394 -0.9149468 -0.7920921 0.2039724 -0.5753133 0.2268254 0.7850938 0.5763488 0.7808452 -0.240691 0.5764969 -0.1870296 -0.7887475 0.5855743 -0.05596703 -0.4110225 0.9099056 -0.1257825 -0.8097958 0.5730702 -0.7807975 0.2677052 0.5645257 -0.3518305 0.135718 0.9261727 -0.04858138 -0.3533152 0.934242 -0.1325976 -0.8161607 0.5624051 -0.774676 0.2582498 0.5772211 -0.3881124 0.1106394 0.9149468 -0.7920921 0.2039724 0.5753133 0.2912822 0.7658832 -0.5732169 0.1109771 0.3570573 -0.9274665 0.1989651 0.7952999 -0.5726351 0.7773492 -0.2560833 -0.5745864 -0.2427923 -0.7761879 -0.58188 -0.1820381 -0.4497226 -0.8744208 -0.3324112 -0.7383481 -0.586809 -0.7717562 0.2648303 -0.5781499 -0.4224121 0.169802 -0.8903568 -0.7516941 0.308236 -0.5830493 -0.3997271 0.1363383 -0.9064382 -0.774677 0.2582454 -0.5772217 0.2912822 0.7658832 0.5732169 0.1109771 0.3570573 0.9274665 0.1989651 0.7952999 0.5726351 0.7773492 -0.2560833 0.5745864 -0.2427923 -0.7761879 0.58188 -0.1820381 -0.4497226 0.8744208 -0.3324112 -0.7383481 0.586809 -0.7717562 0.2648303 0.5781499 -0.4224121 0.169802 0.8903568 -0.7516941 0.308236 0.5830493 -0.3997271 0.1363383 0.9064382 -0.774677 0.2582454 0.5772217 0.2533628 0.7765943 -0.576809 0.1518143 0.4145094 -0.8972928 0.284306 0.7633657 -0.580037 0.1363699 0.4017944 -0.9055189 0.265855 0.7726584 -0.5764722 0.770789 -0.2682455 -0.5778656 0.3641415 -0.5753009 -0.7324137 -0.1817905 -0.8036685 -0.5666297 -0.1245141 -0.3938806 -0.9106889 -0.2482702 -0.7800106 -0.5744087 -0.7719985 0.26429 -0.5780736 -0.3376276 0.05473954 -0.9396867 -0.8168324 0.1270743 -0.562705 0.2533628 0.7765943 0.576809 0.1518143 0.4145094 0.8972928 0.284306 0.7633657 0.580037 0.1363699 0.4017944 0.9055189 0.265855 0.7726584 0.5764722 0.770789 -0.2682455 0.5778656 0.3641415 -0.5753009 0.7324137 -0.1817905 -0.8036685 0.5666297 -0.1245141 -0.3938806 0.9106889 -0.2482702 -0.7800106 0.5744087 -0.7719985 0.26429 0.5780736 -0.3376276 0.05473954 0.9396867 -0.8168324 0.1270743 0.562705 0.1440102 0.8026357 -0.5788239 0.8023092 -0.1668093 -0.5731271 0.3998489 -0.08590568 -0.9125465 0.07698588 0.4213139 -0.9036414 0.1435787 0.8031921 -0.5781588 0.8049149 -0.1364464 -0.5774897 0.4205225 -0.07073803 -0.9045203 0.03229349 0.3829801 -0.923192 0.07735071 0.8192256 -0.5682309 0.8030431 -0.1433705 -0.5784173 -0.1431262 -0.8045628 -0.5763624 -0.0738565 -0.4151714 -0.9067403 -0.143128 -0.8045625 -0.5763624 -0.8022547 0.1530084 -0.5770406 0.1440102 0.8026357 0.5788239 0.8023092 -0.1668093 0.5731271 0.3998489 -0.08590568 0.9125465 0.07698588 0.4213139 0.9036414 0.1435787 0.8031921 0.5781588 0.8049149 -0.1364464 0.5774897 0.4205225 -0.07073803 0.9045203 0.03229349 0.3829801 0.923192 0.07735071 0.8192256 0.5682309 0.8030431 -0.1433705 0.5784173 -0.1431262 -0.8045628 0.5763624 -0.0738565 -0.4151714 0.9067403 -0.143128 -0.8045625 0.5763624 -0.8022547 0.1530084 0.5770406 0.5616625 0.595548 -0.5743326 0.2808736 0.2993067 -0.9118802 0.5602994 0.5970715 -0.5740821 0.3015147 0.3015079 -0.904534 0.5577787 0.5930724 -0.5806445 0.607729 -0.5461693 -0.5765107 -0.5449527 -0.6071522 -0.578267 -0.2844227 -0.3201051 -0.9036794 0.3148602 -0.2664156 -0.9109806 0.6271183 -0.5254872 -0.574966 -0.5394508 -0.6130251 -0.5772288 -0.5675345 0.595293 -0.5687977 -0.2612995 0.2604768 -0.9294484 -0.626347 0.5268964 -0.5745169 0.5616625 0.595548 0.5743326 0.2808736 0.2993067 0.9118802 0.5602994 0.5970715 0.5740821 0.3015147 0.3015079 0.904534 0.5577787 0.5930724 0.5806445 0.607729 -0.5461693 0.5765107 -0.5449527 -0.6071522 0.578267 -0.2844227 -0.3201051 0.9036794 0.3148602 -0.2664156 0.9109806 0.6271183 -0.5254872 0.574966 -0.5394508 -0.6130251 0.5772288 -0.5675345 0.595293 0.5687977 -0.2612995 0.2604768 0.9294484 -0.626347 0.5268964 0.5745169 0.5388658 0.6146874 -0.5760061 0.3024021 0.3187832 -0.898293 -0.3015088 0.3015139 -0.9045341 -0.5978738 0.5515069 -0.5817105 0.5367682 0.6164042 -0.57613 0.2012921 0.2965338 -0.933568 0.4577586 0.686103 -0.5654377 0.6171456 -0.5348179 -0.5771492 -0.5033564 -0.6381487 -0.5825792 -0.2776939 -0.3531208 -0.8934158 -0.5325503 -0.6186881 -0.5775944 -0.6232071 0.526748 -0.5780566 -0.3274608 0.2728894 -0.9045998 -0.6244905 0.5267139 -0.576701 0.5388658 0.6146874 0.5760061 0.3024021 0.3187832 0.898293 -0.3015088 0.3015139 0.9045341 -0.5978738 0.5515069 0.5817105 0.5367682 0.6164042 0.57613 0.2012921 0.2965338 0.933568 0.4577586 0.686103 0.5654377 0.6171456 -0.5348179 0.5771492 -0.5033564 -0.6381487 0.5825792 -0.2776939 -0.3531208 0.8934158 -0.5325503 -0.6186881 0.5775944 -0.6232071 0.526748 0.5780566 -0.3274608 0.2728894 0.9045998 -0.6244905 0.5267139 0.576701 0.5366671 0.6166765 -0.5759327 0.2730466 0.3161391 -0.9085712 -0.3199221 0.2388073 -0.9168538 -0.6552435 0.4940891 -0.5714298 0.5272519 0.6231861 -0.5776197 0.2392068 0.3185261 -0.9172356 0.4940895 0.6551486 -0.5715381 0.621314 -0.530046 -0.5770789 -0.5567219 -0.6010294 -0.573432 -0.2780259 -0.298903 -0.9128848 -0.530421 -0.6202001 -0.577932 -0.6031104 0.5548192 -0.5730911 -0.2989421 0.2782995 -0.9127886 -0.6198296 0.5308345 -0.5779499 0.5366671 0.6166765 0.5759327 0.2730466 0.3161391 0.9085712 -0.3199221 0.2388073 0.9168538 -0.6552435 0.4940891 0.5714298 0.5272519 0.6231861 0.5776197 0.2392068 0.3185261 0.9172356 0.4940895 0.6551486 0.5715381 0.621314 -0.530046 0.5770789 -0.5567219 -0.6010294 0.573432 -0.2780259 -0.298903 0.9128848 -0.530421 -0.6202001 0.577932 -0.6031104 0.5548192 0.5730911 -0.2989421 0.2782995 0.9127886 -0.6198296 0.5308345 0.5779499 -0.4992574 0.6452095 -0.5783137 0.6417535 0.5049198 -0.5772421 0.3424757 0.2629343 -0.9019845 0.653226 0.4899129 -0.5773051 0.3340232 0.2560937 -0.9071078 0.6437036 0.502577 -0.5771153 0.3364339 0.261668 -0.9046226 0.6434793 0.5024138 -0.5775074 0.5034447 -0.6428139 -0.5773507 -0.6303 -0.516403 -0.579698 -0.3311399 -0.2773373 -0.9019038 -0.6271706 -0.5218697 -0.5781946 -0.3357812 -0.2751226 -0.9008654 -0.6417196 -0.5052998 -0.5769471 -0.3321325 -0.2626597 -0.9059238 -0.6446361 -0.502644 -0.576015 -0.4992574 0.6452095 0.5783137 0.6417535 0.5049198 0.5772421 0.3424757 0.2629343 0.9019845 0.653226 0.4899129 0.5773051 0.3340232 0.2560937 0.9071078 0.6437036 0.502577 0.5771153 0.3364339 0.261668 0.9046226 0.6434793 0.5024138 0.5775074 0.5034447 -0.6428139 0.5773507 -0.6303 -0.516403 0.579698 -0.3311399 -0.2773373 0.9019038 -0.6271706 -0.5218697 0.5781946 -0.3357812 -0.2751226 0.9008654 -0.6417196 -0.5052998 0.5769471 -0.3321325 -0.2626597 0.9059238 -0.6446361 -0.502644 0.576015 -0.4054224 0.7075103 -0.5788452 0.704695 0.4130259 -0.5769008 0.4235916 -0.6961864 -0.5795643 0.2226218 -0.3933325 -0.8920365 0.3514815 0.1964976 -0.9153412 0.695804 0.4279881 -0.5767868 0.4224006 -0.6989594 -0.5770905 0.2186567 -0.3709988 -0.9025238 0.4355034 -0.6869204 -0.5817879 0.2399761 -0.3720389 -0.8966597 0.4180526 -0.7015523 -0.5771104 -0.7063596 -0.4107723 -0.5764739 -0.3876226 -0.2074746 -0.8981665 -0.7149334 -0.3890069 -0.5809852 -0.3713756 -0.2156011 -0.9031037 -0.7089756 -0.4051104 -0.5772687 -0.406144 0.7081114 -0.5776031 -0.2119698 0.3747951 -0.9025505 -0.4054224 0.7075103 0.5788452 0.704695 0.4130259 0.5769008 0.4235916 -0.6961864 0.5795643 0.2226218 -0.3933325 0.8920365 0.3514815 0.1964976 0.9153412 0.695804 0.4279881 0.5767868 0.4224006 -0.6989594 0.5770905 0.2186567 -0.3709988 0.9025238 0.4355034 -0.6869204 0.5817879 0.2399761 -0.3720389 0.8966597 0.4180526 -0.7015523 0.5771104 -0.7063596 -0.4107723 0.5764739 -0.3876226 -0.2074746 0.8981665 -0.7149334 -0.3890069 0.5809852 -0.3713756 -0.2156011 0.9031037 -0.7089756 -0.4051104 0.5772687 -0.406144 0.7081114 0.5776031 -0.2119698 0.3747951 0.9025505 0.2952557 0.7628284 -0.5752538 0.159627 0.3932792 -0.9054561 0.2956021 0.7602397 -0.5784937 0.7652311 -0.2836779 -0.5778826 0.4066924 -0.1576176 -0.8998656 0.7590457 -0.297601 -0.5790365 0.4095115 -0.1691485 -0.8964871 0.7498516 -0.3184653 -0.5799159 0.3872337 -0.1409442 -0.9111448 0.7713722 -0.2717064 -0.5754656 -0.2751324 -0.7677309 -0.578698 -0.136371 -0.4017965 -0.9055178 -0.2581765 -0.774507 -0.5774806 -0.771466 0.2713386 -0.5755133 -0.4151125 0.1800792 -0.8917697 -0.7444307 0.3258116 -0.5828119 -0.4080958 0.1696584 -0.8970361 -0.7517102 0.3125093 -0.5807493 -0.3979618 0.1497898 -0.9050908 -0.7657549 0.2824292 -0.5778003 0.2952557 0.7628284 0.5752538 0.159627 0.3932792 0.9054561 0.2956021 0.7602397 0.5784937 0.7652311 -0.2836779 0.5778826 0.4066924 -0.1576176 0.8998656 0.7590457 -0.297601 0.5790365 0.4095115 -0.1691485 0.8964871 0.7498516 -0.3184653 0.5799159 0.3872337 -0.1409442 0.9111448 0.7713722 -0.2717064 0.5754656 -0.2751324 -0.7677309 0.578698 -0.136371 -0.4017965 0.9055178 -0.2581765 -0.774507 0.5774806 -0.771466 0.2713386 0.5755133 -0.4151125 0.1800792 0.8917697 -0.7444307 0.3258116 0.5828119 -0.4080958 0.1696584 0.8970361 -0.7517102 0.3125093 0.5807493 -0.3979618 0.1497898 0.9050908 -0.7657549 0.2824292 0.5778003 -0.4154809 0.7034105 -0.5767055 0.7083849 0.406914 -0.5767251 0.4266975 -0.6928391 -0.5812945 0.2332019 -0.3774194 -0.8961984 0.3779574 0.2097117 -0.9017589 0.716935 0.3901667 -0.5777319 0.3989514 -0.7116248 -0.5782975 0.2115586 -0.3714983 -0.9040089 0.393077 -0.7168124 -0.5759085 0.2045172 -0.3515435 -0.9135589 0.4187534 -0.7033949 -0.5743528 -0.6944779 -0.4235419 -0.5816466 -0.3849237 -0.2313022 -0.8934949 -0.7189628 -0.3871196 -0.5772616 -0.3517491 -0.206201 -0.9131011 -0.6970909 -0.427542 -0.5755624 -0.4507429 -0.1907066 -0.8720446 -0.7429504 -0.3118669 -0.5922531 -0.4154689 0.7022881 -0.5780805 -0.216654 0.380948 -0.8988546 -0.4027468 0.7081591 -0.5799187 -0.2195607 0.3659462 -0.9043652 -0.4154809 0.7034105 0.5767055 0.7083849 0.406914 0.5767251 0.4266975 -0.6928391 0.5812945 0.2332019 -0.3774194 0.8961984 0.3779574 0.2097117 0.9017589 0.716935 0.3901667 0.5777319 0.3989514 -0.7116248 0.5782975 0.2115586 -0.3714983 0.9040089 0.393077 -0.7168124 0.5759085 0.2045172 -0.3515435 0.9135589 0.4187534 -0.7033949 0.5743528 -0.6944779 -0.4235419 0.5816466 -0.3849237 -0.2313022 0.8934949 -0.7189628 -0.3871196 0.5772616 -0.3517491 -0.206201 0.9131011 -0.6970909 -0.427542 0.5755624 -0.4507429 -0.1907066 0.8720446 -0.7429504 -0.3118669 0.5922531 -0.4154689 0.7022881 0.5780805 -0.216654 0.380948 0.8988546 -0.4027468 0.7081591 0.5799187 -0.2195607 0.3659462 0.9043652 0.01268691 0.8161307 -0.577728 0.8166635 -0.01269444 -0.5769745 -0.01268658 -0.8161308 -0.5777279 -0.8166635 0.01269561 -0.5769744 0.01268691 0.8161307 0.577728 0.8166635 -0.01269444 0.5769745 -0.01268658 -0.8161308 0.5777279 -0.8166635 0.01269561 0.5769744</float_array>
          <technique_common>
            <accessor count="1256" source="#normals-array-array" stride="3">
              <param type="float" name="X" />
              <param type="float" name="Y" />
              <param type="float" name="Z" />
            </accessor>
          </technique_common>
        </source>
        <vertices id="verts-array-vertices">
          <input semantic="POSITION" source="#verts-array" />
        </vertices>
        <triangles count="2172" material="material0">
          <input offset="0" semantic="VERTEX" source="#verts-array-vertices" />
          <input offset="1" semantic="NORMAL" source="#normals-array" />
          <p>1 1 2 2 3 3 3 3 0 0 1 1 7 7 6 6 5 5 5 5 4 4 7 7 4 4 5 5 0 0 0 0 5 5 1 1 5 5 6 6 1 1 1 1 6 6 2 2 7 7 4 4 3 3 3 3 4 4 0 0 6 6 7 7 2 2 2 2 7 7 3 3 9 9 10 10 11 11 11 11 8 8 9 9 15 15 14 14 13 13 13 13 12 12 15 15 12 12 13 13 8 8 8 8 13 13 9 9 13 13 14 14 9 9 9 9 14 14 10 10 15 15 12 12 11 11 11 11 12 12 8 8 14 14 15 15 10 10 10 10 15 15 11 11 16 16 18 18 19 19 18 18 16 16 17 17 23 23 22 22 20 20 21 21 20 20 22 22 20 20 21 21 16 16 16 16 21 21 17 17 21 21 22 22 17 17 17 17 22 22 18 18 23 23 20 20 19 19 19 19 20 20 16 16 22 22 23 23 18 18 18 18 23 23 19 19 25 25 26 26 27 27 27 27 24 24 25 25 31 31 30 30 29 29 29 29 28 28 31 31 28 28 29 29 24 24 24 24 29 29 25 25 29 29 30 30 25 25 25 25 30 30 26 26 31 31 28 28 27 27 27 27 28 28 24 24 30 30 31 31 26 26 26 26 31 31 27 27 34 34 35 35 32 32 32 32 33 33 34 34 36 36 39 39 38 38 38 38 37 37 36 36 36 36 37 37 32 32 32 32 37 37 33 33 37 37 38 38 33 33 33 33 38 38 34 34 39 39 36 36 35 35 35 35 36 36 32 32 38 38 39 39 34 34 34 34 39 39 35 35 41 41 43 43 40 40 43 43 41 41 42 42 44 44 47 47 45 45 46 46 45 45 47 47 44 44 45 45 40 40 40 40 45 45 41 41 45 45 46 46 41 41 41 41 46 46 42 42 47 47 44 44 43 43 43 43 44 44 40 40 46 46 47 47 42 42 42 42 47 47 43 43 49 49 51 51 48 48 51 51 49 49 50 50 52 52 55 55 53 53 54 54 53 53 55 55 52 52 53 53 48 48 48 48 53 53 49 49 53 53 54 54 49 49 49 49 54 54 50 50 55 55 52 52 51 51 51 51 52 52 48 48 54 54 55 55 50 50 50 50 55 55 51 51 57 57 58 58 59 59 59 59 56 56 57 57 63 63 62 62 61 61 61 61 60 60 63 63 60 60 61 61 56 56 56 56 61 61 57 57 61 61 62 62 57 57 57 57 62 62 58 58 63 63 60 60 59 59 59 59 60 60 56 56 62 62 63 63 58 58 58 58 63 63 59 59 65 65 67 67 64 64 67 67 65 65 66 66 68 68 71 71 69 69 70 70 69 69 71 71 68 68 69 69 64 64 64 64 69 69 65 65 69 69 70 70 65 65 65 65 70 70 66 66 71 71 68 68 67 67 67 67 68 68 64 64 70 70 71 71 66 66 66 66 71 71 67 67 74 74 75 75 72 72 72 72 73 73 74 74 76 76 79 79 78 78 78 78 77 77 76 76 76 76 77 77 72 72 72 72 77 77 73 73 77 77 78 78 73 73 73 73 78 78 74 74 79 79 76 76 75 75 75 75 76 76 72 72 78 78 79 79 74 74 74 74 79 79 75 75 82 82 83 83 80 80 80 80 81 81 82 82 84 84 87 87 86 86 86 86 85 85 84 84 84 84 85 85 80 80 80 80 85 85 81 81 85 85 86 86 81 81 81 81 86 86 82 82 87 87 84 84 83 83 83 83 84 84 80 80 86 86 87 87 82 82 82 82 87 87 83 83 88 88 90 90 91 91 90 90 88 88 89 89 95 95 94 94 92 92 93 93 92 92 94 94 92 92 93 93 88 88 88 88 93 93 89 89 93 93 94 94 89 89 89 89 94 94 90 90 95 95 92 92 91 91 91 91 92 92 88 88 94 94 95 95 90 90 90 90 95 95 91 91 96 96 98 98 99 99 98 98 96 96 97 97 103 103 102 102 100 100 101 101 100 100 102 102 100 100 101 101 96 96 96 96 101 101 97 97 101 101 102 102 97 97 97 97 102 102 98 98 103 103 100 100 99 99 99 99 100 100 96 96 102 102 103 103 98 98 98 98 103 103 99 99 106 106 107 107 104 104 104 104 105 105 106 106 108 108 111 111 110 110 110 110 109 109 108 108 108 108 109 109 104 104 104 104 109 109 105 105 109 109 110 110 105 105 105 105 110 110 106 106 111 111 108 108 107 107 107 107 108 108 104 104 110 110 111 111 106 106 106 106 111 111 107 107 112 112 114 114 115 115 114 114 112 112 113 113 119 119 118 118 116 116 117 117 116 116 118 118 116 116 117 117 112 112 112 112 117 117 113 113 117 117 118 118 113 113 113 113 118 118 114 114 119 119 116 116 115 115 115 115 116 116 112 112 118 118 119 119 114 114 114 114 119 119 115 115 122 122 123 123 120 120 120 120 121 121 122 122 124 124 127 127 126 126 126 126 125 125 124 124 124 124 125 125 120 120 120 120 125 125 121 121 125 125 126 126 121 121 121 121 126 126 122 122 127 127 124 124 123 123 123 123 124 124 120 120 126 126 127 127 122 122 122 122 127 127 123 123 128 128 130 130 131 131 130 130 128 128 129 129 135 135 134 134 132 132 133 133 132 132 134 134 132 132 133 133 128 128 128 128 133 133 129 129 133 133 134 134 129 129 129 129 134 134 130 130 135 135 132 132 131 131 131 131 132 132 128 128 134 134 135 135 130 130 130 130 135 135 131 131 137 137 138 138 139 139 139 139 136 136 137 137 143 143 142 142 141 141 141 141 140 140 143 143 140 140 141 141 136 136 136 136 141 141 137 137 141 141 142 142 137 137 137 137 142 142 138 138 143 143 140 140 139 139 139 139 140 140 136 136 142 142 143 143 138 138 138 138 143 143 139 139 144 144 146 146 147 147 146 146 144 144 145 145 151 151 150 150 148 148 149 149 148 148 150 150 148 148 149 149 144 144 144 144 149 149 145 145 149 149 150 150 145 145 145 145 150 150 146 146 151 151 148 148 147 147 147 147 148 148 144 144 150 150 151 151 146 146 146 146 151 151 147 147 152 152 154 154 155 155 154 154 152 152 153 153 159 159 158 158 156 156 157 157 156 156 158 158 156 156 157 157 152 152 152 152 157 157 153 153 157 157 158 158 153 153 153 153 158 158 154 154 159 159 156 156 155 155 155 155 156 156 152 152 158 158 159 159 154 154 154 154 159 159 155 155 160 160 162 162 163 163 162 162 160 160 161 161 167 167 166 166 164 164 165 165 164 164 166 166 164 164 165 165 160 160 160 160 165 165 161 161 165 165 166 166 161 161 161 161 166 166 162 162 167 167 164 164 163 163 163 163 164 164 160 160 166 166 167 167 162 162 162 162 167 167 163 163 170 170 171 171 172 172 168 168 169 169 172 172 170 170 172 172 169 169 177 177 176 176 175 175 177 177 174 174 173 173 174 174 177 177 175 175 173 173 174 174 168 168 168 168 174 174 169 169 174 174 175 175 169 169 169 169 175 175 170 170 175 175 176 176 170 170 170 170 176 176 171 171 177 177 173 173 172 172 172 172 173 173 168 168 176 176 177 177 171 171 171 171 177 177 172 172 178 178 180 180 181 181 180 180 178 178 179 179 185 185 184 184 182 182 183 183 182 182 184 184 182 182 183 183 178 178 178 178 183 183 179 179 183 183 184 184 179 179 179 179 184 184 180 180 185 185 182 182 181 181 181 181 182 182 178 178 184 184 185 185 180 180 180 180 185 185 181 181 186 186 188 188 189 189 188 188 186 186 187 187 193 193 192 192 190 190 191 191 190 190 192 192 190 190 191 191 186 186 186 186 191 191 187 187 191 191 192 192 187 187 187 187 192 192 188 188 193 193 190 190 189 189 189 189 190 190 186 186 192 192 193 193 188 188 188 188 193 193 189 189 194 194 196 196 197 197 196 196 194 194 195 195 201 201 200 200 198 198 199 199 198 198 200 200 198 198 199 199 194 194 194 194 199 199 195 195 199 199 200 200 195 195 195 195 200 200 196 196 201 201 198 198 197 197 197 197 198 198 194 194 200 200 201 201 196 196 196 196 201 201 197 197 203 203 204 204 205 205 205 205 202 202 203 203 209 209 208 208 207 207 207 207 206 206 209 209 206 206 207 207 202 202 202 202 207 207 203 203 207 207 208 208 203 203 203 203 208 208 204 204 209 209 206 206 205 205 205 205 206 206 202 202 208 208 209 209 204 204 204 204 209 209 205 205 214 214 212 212 213 213 210 210 211 211 214 214 212 212 214 214 211 211 218 218 217 217 219 219 219 219 216 216 215 215 216 216 219 219 217 217 215 215 216 216 210 210 210 210 216 216 211 211 216 216 217 217 211 211 211 211 217 217 212 212 217 217 218 218 212 212 212 212 218 218 213 213 219 219 215 215 214 214 214 214 215 215 210 210 218 218 219 219 213 213 213 213 219 219 214 214 222 222 223 223 224 224 220 220 221 221 222 222 224 224 220 220 222 222 229 229 228 228 227 227 227 227 226 226 225 225 227 227 225 225 229 229 225 225 226 226 220 220 220 220 226 226 221 221 226 226 227 227 221 221 221 221 227 227 222 222 227 227 228 228 222 222 222 222 228 228 223 223 229 229 225 225 224 224 224 224 225 225 220 220 228 228 229 229 223 223 223 223 229 229 224 224 232 232 233 233 234 234 230 230 231 231 234 234 232 232 234 234 231 231 235 235 230 230 234 234 240 240 239 239 238 238 240 240 237 237 236 236 237 237 240 240 238 238 240 240 236 236 241 241 236 236 237 237 230 230 230 230 237 237 231 231 237 237 238 238 231 231 231 231 238 238 232 232 238 238 239 239 232 232 232 232 239 239 233 233 239 239 240 240 233 233 233 233 240 240 234 234 241 241 236 236 235 235 235 235 236 236 230 230 240 240 241 241 234 234 234 234 241 241 235 235 243 243 245 245 246 246 246 246 242 242 243 243 245 245 243 243 244 244 251 251 250 250 248 248 248 248 247 247 251 251 249 249 248 248 250 250 247 247 248 248 242 242 242 242 248 248 243 243 248 248 249 249 243 243 243 243 249 249 244 244 249 249 250 250 244 244 244 244 250 250 245 245 251 251 247 247 246 246 246 246 247 247 242 242 250 250 251 251 245 245 245 245 251 251 246 246 254 254 255 255 256 256 252 252 253 253 256 256 254 254 256 256 253 253 257 257 252 252 256 256 262 262 261 261 260 260 262 262 259 259 258 258 259 259 262 262 260 260 262 262 258 258 263 263 258 258 259 259 252 252 252 252 259 259 253 253 259 259 260 260 253 253 253 253 260 260 254 254 260 260 261 261 254 254 254 254 261 261 255 255 261 261 262 262 255 255 255 255 262 262 256 256 263 263 258 258 257 257 257 257 258 258 252 252 262 262 263 263 256 256 256 256 263 263 257 257 267 267 269 269 270 270 268 268 269 269 267 267 270 270 264 264 266 266 266 266 264 264 265 265 267 267 270 270 266 266 277 277 276 276 274 274 274 274 276 276 275 275 273 273 271 271 277 277 272 272 271 271 273 273 273 273 277 277 274 274 271 271 272 272 264 264 264 264 272 272 265 265 272 272 273 273 265 265 265 265 273 273 266 266 273 273 274 274 266 266 266 266 274 274 267 267 274 274 275 275 267 267 267 267 275 275 268 268 275 275 276 276 268 268 268 268 276 276 269 269 277 277 271 271 270 270 270 270 271 271 264 264 276 276 277 277 269 269 269 269 277 277 270 270 279 279 281 281 282 282 278 278 279 279 282 282 280 280 281 281 279 279 287 287 286 286 284 284 287 287 284 284 283 283 284 284 286 286 285 285 283 283 284 284 278 278 278 278 284 284 279 279 284 284 285 285 279 279 279 279 285 285 280 280 285 285 286 286 280 280 280 280 286 286 281 281 287 287 283 283 282 282 282 282 283 283 278 278 286 286 287 287 281 281 281 281 287 287 282 282 288 288 291 291 292 292 291 291 288 288 289 289 290 290 291 291 289 289 297 297 296 296 293 293 294 294 293 293 296 296 294 294 296 296 295 295 293 293 294 294 288 288 288 288 294 294 289 289 294 294 295 295 289 289 289 289 295 295 290 290 295 295 296 296 290 290 290 290 296 296 291 291 297 297 293 293 292 292 292 292 293 293 288 288 296 296 297 297 291 291 291 291 297 297 292 292 303 303 301 301 302 302 300 300 301 301 303 303 298 298 299 299 303 303 300 300 303 303 299 299 308 308 307 307 309 309 309 309 307 307 306 306 309 309 305 305 304 304 305 305 309 309 306 306 304 304 305 305 298 298 298 298 305 305 299 299 305 305 306 306 299 299 299 299 306 306 300 300 306 306 307 307 300 300 300 300 307 307 301 301 307 307 308 308 301 301 301 301 308 308 302 302 309 309 304 304 303 303 303 303 304 304 298 298 308 308 309 309 302 302 302 302 309 309 303 303 310 310 313 313 314 314 313 313 310 310 311 311 312 312 313 313 311 311 319 319 318 318 315 315 316 316 315 315 318 318 316 316 318 318 317 317 315 315 316 316 310 310 310 310 316 316 311 311 316 316 317 317 311 311 311 311 317 317 312 312 317 317 318 318 312 312 312 312 318 318 313 313 319 319 315 315 314 314 314 314 315 315 310 310 318 318 319 319 313 313 313 313 319 319 314 314 322 322 323 323 324 324 320 320 321 321 322 322 324 324 320 320 322 322 329 329 328 328 327 327 327 327 326 326 325 325 327 327 325 325 329 329 325 325 326 326 320 320 320 320 326 326 321 321 326 326 327 327 321 321 321 321 327 327 322 322 327 327 328 328 322 322 322 322 328 328 323 323 329 329 325 325 324 324 324 324 325 325 320 320 328 328 329 329 323 323 323 323 329 329 324 324 332 332 333 333 334 334 330 330 331 331 334 334 332 332 334 334 331 331 335 335 330 330 334 334 340 340 339 339 338 338 340 340 337 337 336 336 337 337 340 340 338 338 340 340 336 336 341 341 336 336 337 337 330 330 330 330 337 337 331 331 337 337 338 338 331 331 331 331 338 338 332 332 338 338 339 339 332 332 332 332 339 339 333 333 339 339 340 340 333 333 333 333 340 340 334 334 341 341 336 336 335 335 335 335 336 336 330 330 340 340 341 341 334 334 334 334 341 341 335 335 346 346 344 344 345 345 342 342 343 343 346 346 344 344 346 346 343 343 350 350 349 349 351 351 351 351 348 348 347 347 348 348 351 351 349 349 347 347 348 348 342 342 342 342 348 348 343 343 348 348 349 349 343 343 343 343 349 349 344 344 349 349 350 350 344 344 344 344 350 350 345 345 351 351 347 347 346 346 346 346 347 347 342 342 350 350 351 351 345 345 345 345 351 351 346 346 356 356 358 358 352 352 357 357 358 358 356 356 356 356 354 354 355 355 352 352 353 353 356 356 354 354 356 356 353 353 359 359 365 365 363 363 363 363 365 365 364 364 362 362 361 361 363 363 363 363 360 360 359 359 360 360 363 363 361 361 359 359 360 360 352 352 352 352 360 360 353 353 360 360 361 361 353 353 353 353 361 361 354 354 361 361 362 362 354 354 354 354 362 362 355 355 362 362 363 363 355 355 355 355 363 363 356 356 363 363 364 364 356 356 356 356 364 364 357 357 365 365 359 359 358 358 358 358 359 359 352 352 364 364 365 365 357 357 357 357 365 365 358 358 370 370 371 371 366 366 369 369 370 370 367 367 370 370 366 366 367 367 369 369 367 367 368 368 372 372 377 377 376 376 373 373 376 376 375 375 373 373 372 372 376 376 374 374 373 373 375 375 372 372 373 373 366 366 366 366 373 373 367 367 373 373 374 374 367 367 367 367 374 374 368 368 374 374 375 375 368 368 368 368 375 375 369 369 375 375 376 376 369 369 369 369 376 376 370 370 377 377 372 372 371 371 371 371 372 372 366 366 376 376 377 377 370 370 370 370 377 377 371 371 382 382 383 383 384 384 384 384 385 385 378 378 378 378 380 380 384 384 380 380 381 381 382 382 378 378 379 379 380 380 384 384 380 380 382 382 392 392 391 391 390 390 386 386 393 393 392 392 392 392 388 388 386 386 390 390 389 389 388 388 388 388 387 387 386 386 390 390 388 388 392 392 386 386 387 387 378 378 378 378 387 387 379 379 387 387 388 388 379 379 379 379 388 388 380 380 388 388 389 389 380 380 380 380 389 389 381 381 389 389 390 390 381 381 381 381 390 390 382 382 390 390 391 391 382 382 382 382 391 391 383 383 391 391 392 392 383 383 383 383 392 392 384 384 393 393 386 386 385 385 385 385 386 386 378 378 392 392 393 393 384 384 384 384 393 393 385 385 395 395 396 396 397 397 399 399 397 397 398 398 394 394 395 395 399 399 397 397 399 399 395 395 399 399 400 400 394 394 404 404 403 403 402 402 405 405 404 404 406 406 406 406 402 402 401 401 402 402 406 406 404 404 401 401 407 407 406 406 401 401 402 402 394 394 394 394 402 402 395 395 402 402 403 403 395 395 395 395 403 403 396 396 403 403 404 404 396 396 396 396 404 404 397 397 404 404 405 405 397 397 397 397 405 405 398 398 405 405 406 406 398 398 398 398 406 406 399 399 407 407 401 401 400 400 400 400 401 401 394 394 406 406 407 407 399 399 399 399 407 407 400 400 411 411 412 412 413 413 410 410 411 411 409 409 408 408 409 409 413 413 411 411 413 413 409 409 413 413 414 414 408 408 420 420 419 419 418 418 416 416 418 418 417 417 420 420 416 416 415 415 416 416 420 420 418 418 415 415 421 421 420 420 415 415 416 416 408 408 408 408 416 416 409 409 416 416 417 417 409 409 409 409 417 417 410 410 417 417 418 418 410 410 410 410 418 418 411 411 418 418 419 419 411 411 411 411 419 419 412 412 419 419 420 420 412 412 412 412 420 420 413 413 421 421 415 415 414 414 414 414 415 415 408 408 420 420 421 421 413 413 413 413 421 421 414 414 426 426 427 427 428 428 424 424 426 426 428 428 426 426 424 424 425 425 424 424 422 422 423 423 428 428 422 422 424 424 435 435 434 434 433 433 435 435 433 433 431 431 432 432 431 431 433 433 430 430 429 429 431 431 431 431 429 429 435 435 429 429 430 430 422 422 422 422 430 430 423 423 430 430 431 431 423 423 423 423 431 431 424 424 431 431 432 432 424 424 424 424 432 432 425 425 432 432 433 433 425 425 425 425 433 433 426 426 433 433 434 434 426 426 426 426 434 434 427 427 435 435 429 429 428 428 428 428 429 429 422 422 434 434 435 435 427 427 427 427 435 435 428 428 442 442 440 440 441 441 439 439 440 440 442 442 437 437 438 438 442 442 439 439 442 442 438 438 442 442 436 436 437 437 448 448 447 447 449 449 449 449 447 447 446 446 449 449 445 445 444 444 445 445 449 449 446 446 444 444 443 443 449 449 443 443 444 444 436 436 436 436 444 444 437 437 444 444 445 445 437 437 437 437 445 445 438 438 445 445 446 446 438 438 438 438 446 446 439 439 446 446 447 447 439 439 439 439 447 447 440 440 447 447 448 448 440 440 440 440 448 448 441 441 449 449 443 443 442 442 442 442 443 443 436 436 448 448 449 449 441 441 441 441 449 449 442 442 451 451 455 455 450 450 454 454 455 455 452 452 455 455 451 451 452 452 454 454 452 452 453 453 456 456 461 461 457 457 458 458 461 461 460 460 458 458 457 457 461 461 459 459 458 458 460 460 456 456 457 457 450 450 450 450 457 457 451 451 457 457 458 458 451 451 451 451 458 458 452 452 458 458 459 459 452 452 452 452 459 459 453 453 459 459 460 460 453 453 453 453 460 460 454 454 461 461 456 456 455 455 455 455 456 456 450 450 460 460 461 461 454 454 454 454 461 461 455 455 468 468 466 466 467 467 465 465 466 466 468 468 463 463 464 464 468 468 465 465 468 468 464 464 468 468 462 462 463 463 474 474 473 473 475 475 475 475 473 473 472 472 475 475 471 471 470 470 471 471 475 475 472 472 470 470 469 469 475 475 469 469 470 470 462 462 462 462 470 470 463 463 470 470 471 471 463 463 463 463 471 471 464 464 471 471 472 472 464 464 464 464 472 472 465 465 472 472 473 473 465 465 465 465 473 473 466 466 473 473 474 474 466 466 466 466 474 474 467 467 475 475 469 469 468 468 468 468 469 469 462 462 474 474 475 475 467 467 467 467 475 475 468 468 478 478 479 479 480 480 481 481 478 478 480 480 476 476 477 477 481 481 478 478 481 481 477 477 486 486 485 485 484 484 486 486 484 484 487 487 487 487 483 483 482 482 483 483 487 487 484 484 482 482 483 483 476 476 476 476 483 483 477 477 483 483 484 484 477 477 477 477 484 484 478 478 484 484 485 485 478 478 478 478 485 485 479 479 485 485 486 486 479 479 479 479 486 486 480 480 487 487 482 482 481 481 481 481 482 482 476 476 486 486 487 487 480 480 480 480 487 487 481 481 494 494 492 492 493 493 491 491 492 492 494 494 489 489 490 490 494 494 491 491 494 494 490 490 494 494 488 488 489 489 500 500 499 499 501 501 501 501 499 499 498 498 501 501 497 497 496 496 497 497 501 501 498 498 496 496 495 495 501 501 495 495 496 496 488 488 488 488 496 496 489 489 496 496 497 497 489 489 489 489 497 497 490 490 497 497 498 498 490 490 490 490 498 498 491 491 498 498 499 499 491 491 491 491 499 499 492 492 499 499 500 500 492 492 492 492 500 500 493 493 501 501 495 495 494 494 494 494 495 495 488 488 500 500 501 501 493 493 493 493 501 501 494 494 509 509 507 507 508 508 507 507 509 509 502 502 502 502 503 503 507 507 503 503 505 505 506 506 505 505 503 503 504 504 507 507 503 503 506 506 516 516 515 515 517 517 510 510 517 517 515 515 515 515 511 511 510 510 514 514 513 513 511 511 512 512 511 511 513 513 514 514 511 511 515 515 510 510 511 511 502 502 502 502 511 511 503 503 511 511 512 512 503 503 503 503 512 512 504 504 512 512 513 513 504 504 504 504 513 513 505 505 513 513 514 514 505 505 505 505 514 514 506 506 514 514 515 515 506 506 506 506 515 515 507 507 515 515 516 516 507 507 507 507 516 516 508 508 517 517 510 510 509 509 509 509 510 510 502 502 516 516 517 517 508 508 508 508 517 517 509 509 525 525 520 520 524 524 521 521 524 524 520 520 520 520 525 525 518 518 518 518 519 519 520 520 522 522 523 523 521 521 524 524 521 521 523 523 532 532 528 528 533 533 528 528 532 532 529 529 526 526 533 533 528 528 528 528 527 527 526 526 529 529 531 531 530 530 531 531 529 529 532 532 526 526 527 527 518 518 518 518 527 527 519 519 527 527 528 528 519 519 519 519 528 528 520 520 528 528 529 529 520 520 520 520 529 529 521 521 529 529 530 530 521 521 521 521 530 530 522 522 530 530 531 531 522 522 522 522 531 531 523 523 531 531 532 532 523 523 523 523 532 532 524 524 533 533 526 526 525 525 525 525 526 526 518 518 532 532 533 533 524 524 524 524 533 533 525 525 536 536 539 539 541 541 539 539 540 540 541 541 536 536 538 538 539 539 538 538 536 536 537 537 535 535 541 541 534 534 536 536 541 541 535 535 549 549 547 547 544 544 549 549 548 548 547 547 547 547 546 546 544 544 545 545 544 544 546 546 542 542 549 549 543 543 543 543 549 549 544 544 542 542 543 543 534 534 534 534 543 543 535 535 543 543 544 544 535 535 535 535 544 544 536 536 544 544 545 545 536 536 536 536 545 545 537 537 545 545 546 546 537 537 537 537 546 546 538 538 546 546 547 547 538 538 538 538 547 547 539 539 547 547 548 548 539 539 539 539 548 548 540 540 549 549 542 542 541 541 541 541 542 542 534 534 548 548 549 549 540 540 540 540 549 549 541 541 554 554 557 557 551 551 557 557 550 550 551 551 554 554 556 556 557 557 556 556 554 554 555 555 554 554 552 552 553 553 551 551 552 552 554 554 559 559 565 565 562 562 559 559 558 558 565 565 565 565 564 564 562 562 563 563 562 562 564 564 561 561 560 560 562 562 562 562 560 560 559 559 558 558 559 559 550 550 550 550 559 559 551 551 559 559 560 560 551 551 551 551 560 560 552 552 560 560 561 561 552 552 552 552 561 561 553 553 561 561 562 562 553 553 553 553 562 562 554 554 562 562 563 563 554 554 554 554 563 563 555 555 563 563 564 564 555 555 555 555 564 564 556 556 565 565 558 558 557 557 557 557 558 558 550 550 564 564 565 565 556 556 556 556 565 565 557 557 573 573 570 570 571 571 571 571 572 572 573 573 573 573 569 569 570 570 567 567 568 568 569 569 569 569 566 566 567 567 573 573 566 566 569 569 579 579 578 578 581 581 581 581 580 580 579 579 578 578 577 577 581 581 577 577 576 576 575 575 575 575 574 574 577 577 577 577 574 574 581 581 574 574 575 575 566 566 566 566 575 575 567 567 575 575 576 576 567 567 567 567 576 576 568 568 576 576 577 577 568 568 568 568 577 577 569 569 577 577 578 578 569 569 569 569 578 578 570 570 578 578 579 579 570 570 570 570 579 579 571 571 579 579 580 580 571 571 571 571 580 580 572 572 581 581 574 574 573 573 573 573 574 574 566 566 580 580 581 581 572 572 572 572 581 581 573 573 589 589 583 583 588 588 586 586 588 588 583 583 583 583 589 589 582 582 588 588 586 586 587 587 586 586 584 584 585 585 583 583 584 584 586 586 596 596 591 591 597 597 591 591 596 596 594 594 590 590 597 597 591 591 595 595 594 594 596 596 593 593 592 592 594 594 594 594 592 592 591 591 590 590 591 591 582 582 582 582 591 591 583 583 591 591 592 592 583 583 583 583 592 592 584 584 592 592 593 593 584 584 584 584 593 593 585 585 593 593 594 594 585 585 585 585 594 594 586 586 594 594 595 595 586 586 586 586 595 595 587 587 595 595 596 596 587 587 587 587 596 596 588 588 597 597 590 590 589 589 589 589 590 590 582 582 596 596 597 597 588 588 588 588 597 597 589 589 600 600 603 603 604 604 598 598 604 604 605 605 600 600 602 602 603 603 602 602 600 600 601 601 599 599 604 604 598 598 600 600 604 604 599 599 612 612 611 611 608 608 613 613 612 612 606 606 611 611 610 610 608 608 609 609 608 608 610 610 606 606 612 612 607 607 607 607 612 612 608 608 606 606 607 607 598 598 598 598 607 607 599 599 607 607 608 608 599 599 599 599 608 608 600 600 608 608 609 609 600 600 600 600 609 609 601 601 609 609 610 610 601 601 601 601 610 610 602 602 610 610 611 611 602 602 602 602 611 611 603 603 611 611 612 612 603 603 603 603 612 612 604 604 613 613 606 606 605 605 605 605 606 606 598 598 612 612 613 613 604 604 604 604 613 613 605 605 617 617 619 619 620 620 614 614 620 620 621 621 617 617 618 618 619 619 615 615 616 616 617 617 615 615 620 620 614 614 617 617 620 620 615 615 628 628 627 627 625 625 629 629 628 628 622 622 627 627 626 626 625 625 625 625 624 624 623 623 622 622 628 628 623 623 623 623 628 628 625 625 622 622 623 623 614 614 614 614 623 623 615 615 623 623 624 624 615 615 615 615 624 624 616 616 624 624 625 625 616 616 616 616 625 625 617 617 625 625 626 626 617 617 617 617 626 626 618 618 626 626 627 627 618 618 618 618 627 627 619 619 627 627 628 628 619 619 619 619 628 628 620 620 629 629 622 622 621 621 621 621 622 622 614 614 628 628 629 629 620 620 620 620 629 629 621 621 633 633 635 635 632 632 631 631 632 632 635 635 635 635 633 633 634 634 630 630 631 631 636 636 635 635 636 636 631 631 636 636 637 637 630 630 640 640 643 643 641 641 643 643 640 640 639 639 642 642 641 641 643 643 644 644 639 639 638 638 639 639 644 644 643 643 638 638 645 645 644 644 638 638 639 639 630 630 630 630 639 639 631 631 639 639 640 640 631 631 631 631 640 640 632 632 640 640 641 641 632 632 632 632 641 641 633 633 641 641 642 642 633 633 633 633 642 642 634 634 642 642 643 643 634 634 634 634 643 643 635 635 643 643 644 644 635 635 635 635 644 644 636 636 645 645 638 638 637 637 637 637 638 638 630 630 644 644 645 645 636 636 636 636 645 645 637 637 654 654 652 652 653 653 654 654 646 646 647 647 647 647 652 652 654 654 650 650 652 652 649 649 648 648 649 649 647 647 649 649 652 652 647 647 651 651 652 652 650 650 662 662 661 661 663 663 656 656 655 655 663 663 663 663 661 661 656 656 658 658 661 661 659 659 656 656 658 658 657 657 656 656 661 661 658 658 659 659 661 661 660 660 655 655 656 656 646 646 646 646 656 656 647 647 656 656 657 657 647 647 647 647 657 657 648 648 657 657 658 658 648 648 648 648 658 658 649 649 658 658 659 659 649 649 649 649 659 659 650 650 659 659 660 660 650 650 650 650 660 660 651 651 660 660 661 661 651 651 651 651 661 661 652 652 661 661 662 662 652 652 652 652 662 662 653 653 663 663 655 655 654 654 654 654 655 655 646 646 662 662 663 663 653 653 653 653 663 663 654 654 668 668 669 669 670 670 671 671 664 664 666 666 666 666 670 670 671 671 666 666 667 667 670 670 668 668 670 670 667 667 664 664 665 665 666 666 678 678 677 677 676 676 674 674 672 672 679 679 679 679 678 678 674 674 678 678 675 675 674 674 675 675 678 678 676 676 674 674 673 673 672 672 672 672 673 673 664 664 664 664 673 673 665 665 673 673 674 674 665 665 665 665 674 674 666 666 674 674 675 675 666 666 666 666 675 675 667 667 675 675 676 676 667 667 667 667 676 676 668 668 676 676 677 677 668 668 668 668 677 677 669 669 677 677 678 678 669 669 669 669 678 678 670 670 679 679 672 672 671 671 671 671 672 672 664 664 678 678 679 679 670 670 670 670 679 679 671 671 680 680 685 685 687 687 686 686 687 687 685 685 684 684 681 681 682 682 684 684 685 685 681 681 680 680 681 681 685 685 683 683 684 684 682 682 695 695 693 693 688 688 693 693 695 695 694 694 690 690 689 689 692 692 689 689 693 693 692 692 693 693 689 689 688 688 690 690 692 692 691 691 688 688 689 689 680 680 680 680 689 689 681 681 689 689 690 690 681 681 681 681 690 690 682 682 690 690 691 691 682 682 682 682 691 691 683 683 691 691 692 692 683 683 683 683 692 692 684 684 692 692 693 693 684 684 684 684 693 693 685 685 693 693 694 694 685 685 685 685 694 694 686 686 695 695 688 688 687 687 687 687 688 688 680 680 694 694 695 695 686 686 686 686 695 695 687 687 697 697 703 703 704 704 704 704 696 696 697 697 702 702 703 703 697 697 700 700 701 701 699 699 702 702 697 697 699 699 697 697 698 698 699 699 701 701 702 702 699 699 713 713 712 712 706 706 706 706 705 705 713 713 706 706 712 712 711 711 708 708 710 710 709 709 708 708 706 706 711 711 708 708 707 707 706 706 708 708 711 711 710 710 705 705 706 706 696 696 696 696 706 706 697 697 706 706 707 707 697 697 697 697 707 707 698 698 707 707 708 708 698 698 698 698 708 708 699 699 708 708 709 709 699 699 699 699 709 709 700 700 709 709 710 710 700 700 700 700 710 710 701 701 710 710 711 711 701 701 701 701 711 711 702 702 711 711 712 712 702 702 702 702 712 712 703 703 713 713 705 705 704 704 704 704 705 705 696 696 712 712 713 713 703 703 703 703 713 713 704 704 718 718 719 719 720 720 721 721 714 714 716 716 716 716 720 720 721 721 716 716 717 717 720 720 718 718 720 720 717 717 714 714 715 715 716 716 728 728 727 727 726 726 724 724 722 722 729 729 729 729 728 728 724 724 728 728 725 725 724 724 725 725 728 728 726 726 724 724 723 723 722 722 722 722 723 723 714 714 714 714 723 723 715 715 723 723 724 724 715 715 715 715 724 724 716 716 724 724 725 725 716 716 716 716 725 725 717 717 725 725 726 726 717 717 717 717 726 726 718 718 726 726 727 727 718 718 718 718 727 727 719 719 727 727 728 728 719 719 719 719 728 728 720 720 729 729 722 722 721 721 721 721 722 722 714 714 728 728 729 729 720 720 720 720 729 729 721 721 730 730 737 737 739 739 738 738 739 739 737 737 737 737 730 730 731 731 733 733 734 734 736 736 735 735 736 736 734 734 732 732 733 733 731 731 736 736 731 731 733 733 737 737 731 731 736 736 749 749 747 747 740 740 747 747 749 749 748 748 741 741 740 740 747 747 746 746 744 744 743 743 744 744 746 746 745 745 741 741 743 743 742 742 743 743 741 741 746 746 746 746 741 741 747 747 740 740 741 741 730 730 730 730 741 741 731 731 741 741 742 742 731 731 731 731 742 742 732 732 742 742 743 743 732 732 732 732 743 743 733 733 743 743 744 744 733 733 733 733 744 744 734 734 744 744 745 745 734 734 734 734 745 745 735 735 745 745 746 746 735 735 735 735 746 746 736 736 746 746 747 747 736 736 736 736 747 747 737 737 747 747 748 748 737 737 737 737 748 748 738 738 749 749 740 740 739 739 739 739 740 740 730 730 748 748 749 749 738 738 738 738 749 749 739 739 755 755 757 757 758 758 750 750 758 758 759 759 758 758 750 750 751 751 756 756 757 757 755 755 752 752 754 754 755 755 754 754 752 752 753 753 752 752 758 758 751 751 755 755 758 758 752 752 768 768 767 767 765 765 769 769 768 768 760 760 761 761 760 760 768 768 765 765 767 767 766 766 765 765 764 764 762 762 763 763 762 762 764 764 761 761 768 768 762 762 762 762 768 768 765 765 760 760 761 761 750 750 750 750 761 761 751 751 761 761 762 762 751 751 751 751 762 762 752 752 762 762 763 763 752 752 752 752 763 763 753 753 763 763 764 764 753 753 753 753 764 764 754 754 764 764 765 765 754 754 754 754 765 765 755 755 765 765 766 766 755 755 755 755 766 766 756 756 766 766 767 767 756 756 756 756 767 767 757 757 767 767 768 768 757 757 757 757 768 768 758 758 769 769 760 760 759 759 759 759 760 760 750 750 768 768 769 769 758 758 758 758 769 769 759 759 776 776 774 774 775 775 770 770 776 776 777 777 776 776 773 773 774 774 772 772 773 773 771 771 776 776 771 771 773 773 776 776 770 770 771 771 783 783 782 782 784 784 785 785 784 784 778 778 782 782 781 781 784 784 779 779 781 781 780 780 781 781 779 779 784 784 779 779 778 778 784 784 778 778 779 779 770 770 770 770 779 779 771 771 779 779 780 780 771 771 771 771 780 780 772 772 780 780 781 781 772 772 772 772 781 781 773 773 781 781 782 782 773 773 773 773 782 782 774 774 782 782 783 783 774 774 774 774 783 783 775 775 783 783 784 784 775 775 775 775 784 784 776 776 785 785 778 778 777 777 777 777 778 778 770 770 784 784 785 785 776 776 776 776 785 785 777 777 787 787 795 795 786 786 794 794 795 795 793 793 795 795 787 787 793 793 789 789 792 792 793 793 790 790 791 791 789 789 792 792 789 789 791 791 787 787 788 788 789 789 793 793 787 787 789 789 796 796 805 805 797 797 803 803 805 805 804 804 803 803 797 797 805 805 803 803 802 802 799 799 799 799 801 801 800 800 801 801 799 799 802 802 799 799 798 798 797 797 799 799 797 797 803 803 796 796 797 797 786 786 786 786 797 797 787 787 797 797 798 798 787 787 787 787 798 798 788 788 798 798 799 799 788 788 788 788 799 799 789 789 799 799 800 800 789 789 789 789 800 800 790 790 800 800 801 801 790 790 790 790 801 801 791 791 801 801 802 802 791 791 791 791 802 802 792 792 802 802 803 803 792 792 792 792 803 803 793 793 803 803 804 804 793 793 793 793 804 804 794 794 805 805 796 796 795 795 795 795 796 796 786 786 804 804 805 805 794 794 794 794 805 805 795 795 810 810 814 814 808 808 806 806 808 808 815 815 814 814 815 815 808 808 807 807 808 808 806 806 812 812 813 813 814 814 810 810 811 811 812 812 810 810 808 808 809 809 814 814 810 810 812 812 818 818 824 824 820 820 825 825 818 818 816 816 818 818 825 825 824 824 816 816 818 818 817 817 824 824 823 823 822 822 822 822 821 821 820 820 819 819 818 818 820 820 822 822 820 820 824 824 816 816 817 817 806 806 806 806 817 817 807 807 817 817 818 818 807 807 807 807 818 818 808 808 818 818 819 819 808 808 808 808 819 819 809 809 819 819 820 820 809 809 809 809 820 820 810 810 820 820 821 821 810 810 810 810 821 821 811 811 821 821 822 822 811 811 811 811 822 822 812 812 822 822 823 823 812 812 812 812 823 823 813 813 823 823 824 824 813 813 813 813 824 824 814 814 825 825 816 816 815 815 815 815 816 816 806 806 824 824 825 825 814 814 814 814 825 825 815 815 829 829 831 831 832 832 833 833 834 834 835 835 826 826 833 833 835 835 833 833 826 826 832 832 832 832 826 826 827 827 828 828 829 829 827 827 827 827 829 829 832 832 830 830 831 831 829 829 842 842 841 841 839 839 845 845 844 844 843 843 845 845 843 843 836 836 842 842 836 836 843 843 837 837 836 836 842 842 837 837 839 839 838 838 842 842 839 839 837 837 839 839 841 841 840 840 836 836 837 837 826 826 826 826 837 837 827 827 837 837 838 838 827 827 827 827 838 838 828 828 838 838 839 839 828 828 828 828 839 839 829 829 839 839 840 840 829 829 829 829 840 840 830 830 840 840 841 841 830 830 830 830 841 841 831 831 841 841 842 842 831 831 831 831 842 842 832 832 842 842 843 843 832 832 832 832 843 843 833 833 843 843 844 844 833 833 833 833 844 844 834 834 845 845 836 836 835 835 835 835 836 836 826 826 844 844 845 845 834 834 834 834 845 845 835 835 853 853 851 851 852 852 851 851 853 853 854 854 854 854 855 855 846 846 846 846 851 851 854 854 850 850 848 848 849 849 851 851 846 846 847 847 848 848 850 850 847 847 847 847 850 850 851 851 862 862 861 861 863 863 864 864 863 863 861 861 856 856 865 865 864 864 864 864 861 861 856 856 859 859 858 858 860 860 857 857 856 856 861 861 857 857 860 860 858 858 861 861 860 860 857 857 856 856 857 857 846 846 846 846 857 857 847 847 857 857 858 858 847 847 847 847 858 858 848 848 858 858 859 859 848 848 848 848 859 859 849 849 859 859 860 860 849 849 849 849 860 860 850 850 860 860 861 861 850 850 850 850 861 861 851 851 861 861 862 862 851 851 851 851 862 862 852 852 862 862 863 863 852 852 852 852 863 863 853 853 863 863 864 864 853 853 853 853 864 864 854 854 865 865 856 856 855 855 855 855 856 856 846 846 864 864 865 865 854 854 854 854 865 865 855 855 874 874 875 875 876 876 873 873 874 874 876 876 866 866 876 876 877 877 876 876 866 866 867 867 867 867 873 873 876 876 873 873 869 869 871 871 870 870 871 871 869 869 873 873 867 867 869 869 867 867 868 868 869 869 871 871 872 872 873 873 888 888 887 887 886 886 888 888 886 886 885 885 889 889 888 888 878 878 879 879 878 878 888 888 888 888 885 885 879 879 883 883 881 881 885 885 881 881 883 883 882 882 881 881 879 879 885 885 881 881 880 880 879 879 885 885 884 884 883 883 878 878 879 879 866 866 866 866 879 879 867 867 879 879 880 880 867 867 867 867 880 880 868 868 880 880 881 881 868 868 868 868 881 881 869 869 881 881 882 882 869 869 869 869 882 882 870 870 882 882 883 883 870 870 870 870 883 883 871 871 883 883 884 884 871 871 871 871 884 884 872 872 884 884 885 885 872 872 872 872 885 885 873 873 885 885 886 886 873 873 873 873 886 886 874 874 886 886 887 887 874 874 874 874 887 887 875 875 887 887 888 888 875 875 875 875 888 888 876 876 889 889 878 878 877 877 877 877 878 878 866 866 888 888 889 889 876 876 876 876 889 889 877 877 899 899 894 894 898 898 895 895 898 898 894 894 897 897 898 898 896 896 895 895 896 896 898 898 890 890 891 891 893 893 892 892 893 893 891 891 893 893 899 899 890 890 894 894 899 899 893 893 908 908 904 904 909 909 904 904 908 908 905 905 906 906 908 908 907 907 908 908 906 906 905 905 903 903 901 901 900 900 901 901 903 903 902 902 900 900 909 909 903 903 903 903 909 909 904 904 900 900 901 901 890 890 890 890 901 901 891 891 901 901 902 902 891 891 891 891 902 902 892 892 902 902 903 903 892 892 892 892 903 903 893 893 903 903 904 904 893 893 893 893 904 904 894 894 904 904 905 905 894 894 894 894 905 905 895 895 905 905 906 906 895 895 895 895 906 906 896 896 906 906 907 907 896 896 896 896 907 907 897 897 907 907 908 908 897 897 897 897 908 908 898 898 909 909 900 900 899 899 899 899 900 900 890 890 908 908 909 909 898 898 898 898 909 909 899 899 919 919 917 917 918 918 917 917 919 919 920 920 910 910 920 920 921 921 920 920 910 910 917 917 911 911 912 912 913 913 916 916 913 913 914 914 910 910 911 911 916 916 913 913 916 916 911 911 917 917 910 910 916 916 915 915 916 916 914 914 930 930 929 929 931 931 932 932 931 931 929 929 933 933 932 932 922 922 929 929 922 922 932 932 925 925 924 924 923 923 926 926 925 925 928 928 928 928 923 923 922 922 923 923 928 928 925 925 928 928 922 922 929 929 926 926 928 928 927 927 922 922 923 923 910 910 910 910 923 923 911 911 923 923 924 924 911 911 911 911 924 924 912 912 924 924 925 925 912 912 912 912 925 925 913 913 925 925 926 926 913 913 913 913 926 926 914 914 926 926 927 927 914 914 914 914 927 927 915 915 927 927 928 928 915 915 915 915 928 928 916 916 928 928 929 929 916 916 916 916 929 929 917 917 929 929 930 930 917 917 917 917 930 930 918 918 930 930 931 931 918 918 918 918 931 931 919 919 931 931 932 932 919 919 919 919 932 932 920 920 933 933 922 922 921 921 921 921 922 922 910 910 932 932 933 933 920 920 920 920 933 933 921 921 940 940 941 941 942 942 939 939 940 940 942 942 943 943 944 944 942 942 944 944 939 939 942 942 935 935 939 939 944 944 937 937 938 938 939 939 935 935 937 937 939 939 944 944 934 934 935 935 937 937 935 935 936 936 945 945 934 934 944 944 954 954 953 953 952 952 954 954 952 952 951 951 954 954 956 956 955 955 954 954 951 951 956 956 956 956 951 951 947 947 951 951 950 950 949 949 951 951 949 949 947 947 947 947 946 946 956 956 948 948 947 947 949 949 956 956 946 946 957 957 946 946 947 947 934 934 934 934 947 947 935 935 947 947 948 948 935 935 935 935 948 948 936 936 948 948 949 949 936 936 936 936 949 949 937 937 949 949 950 950 937 937 937 937 950 950 938 938 950 950 951 951 938 938 938 938 951 951 939 939 951 951 952 952 939 939 939 939 952 952 940 940 952 952 953 953 940 940 940 940 953 953 941 941 953 953 954 954 941 941 941 941 954 954 942 942 954 954 955 955 942 942 942 942 955 955 943 943 955 955 956 956 943 943 943 943 956 956 944 944 957 957 946 946 945 945 945 945 946 946 934 934 956 956 957 957 944 944 944 944 957 957 945 945 959 959 966 966 969 969 968 968 966 966 967 967 966 966 968 968 969 969 958 958 969 969 970 970 964 964 965 965 966 966 961 961 963 963 964 964 962 962 963 963 961 961 966 966 959 959 961 961 959 959 969 969 958 958 961 961 959 959 960 960 961 961 964 964 966 966 982 982 979 979 972 972 980 980 979 979 981 981 982 982 981 981 979 979 983 983 982 982 971 971 979 979 978 978 977 977 977 977 976 976 974 974 974 974 976 976 975 975 974 974 972 972 979 979 971 971 982 982 972 972 973 973 972 972 974 974 979 979 977 977 974 974 971 971 972 972 958 958 958 958 972 972 959 959 972 972 973 973 959 959 959 959 973 973 960 960 973 973 974 974 960 960 960 960 974 974 961 961 974 974 975 975 961 961 961 961 975 975 962 962 975 975 976 976 962 962 962 962 976 976 963 963 976 976 977 977 963 963 963 963 977 977 964 964 977 977 978 978 964 964 964 964 978 978 965 965 978 978 979 979 965 965 965 965 979 979 966 966 979 979 980 980 966 966 966 966 980 980 967 967 980 980 981 981 967 967 967 967 981 981 968 968 981 981 982 982 968 968 968 968 982 982 969 969 983 983 971 971 970 970 970 970 971 971 958 958 982 982 983 983 969 969 969 969 983 983 970 970 995 995 996 996 997 997 990 990 995 995 987 987 987 987 995 995 997 997 986 986 997 997 984 984 984 984 985 985 986 986 986 986 987 987 997 997 991 991 993 993 994 994 992 992 993 993 991 991 995 995 990 990 991 991 990 990 987 987 989 989 988 988 989 989 987 987 994 994 995 995 991 991 1011 1011 1010 1010 1009 1009 1001 1001 1009 1009 1004 1004 1011 1011 1009 1009 1001 1001 998 998 1011 1011 1000 1000 1000 1000 999 999 998 998 1011 1011 1001 1001 1000 1000 1008 1008 1007 1007 1005 1005 1005 1005 1007 1007 1006 1006 1005 1005 1004 1004 1009 1009 1003 1003 1001 1001 1004 1004 1001 1001 1003 1003 1002 1002 1005 1005 1009 1009 1008 1008 998 998 999 999 984 984 984 984 999 999 985 985 999 999 1000 1000 985 985 985 985 1000 1000 986 986 1000 1000 1001 1001 986 986 986 986 1001 1001 987 987 1001 1001 1002 1002 987 987 987 987 1002 1002 988 988 1002 1002 1003 1003 988 988 988 988 1003 1003 989 989 1003 1003 1004 1004 989 989 989 989 1004 1004 990 990 1004 1004 1005 1005 990 990 990 990 1005 1005 991 991 1005 1005 1006 1006 991 991 991 991 1006 1006 992 992 1006 1006 1007 1007 992 992 992 992 1007 1007 993 993 1007 1007 1008 1008 993 993 993 993 1008 1008 994 994 1008 1008 1009 1009 994 994 994 994 1009 1009 995 995 1009 1009 1010 1010 995 995 995 995 1010 1010 996 996 1011 1011 998 998 997 997 997 997 998 998 984 984 1010 1010 1011 1011 996 996 996 996 1011 1011 997 997 1020 1020 1021 1021 1022 1022 1019 1019 1020 1020 1013 1013 1024 1024 1020 1020 1022 1022 1025 1025 1013 1013 1024 1024 1020 1020 1024 1024 1013 1013 1024 1024 1022 1022 1023 1023 1012 1012 1013 1013 1025 1025 1017 1017 1018 1018 1019 1019 1019 1019 1013 1013 1015 1015 1015 1015 1017 1017 1019 1019 1014 1014 1015 1015 1013 1013 1016 1016 1017 1017 1015 1015 1036 1036 1035 1035 1034 1034 1027 1027 1034 1034 1033 1033 1036 1036 1034 1034 1038 1038 1038 1038 1027 1027 1039 1039 1027 1027 1038 1038 1034 1034 1037 1037 1036 1036 1038 1038 1039 1039 1027 1027 1026 1026 1033 1033 1032 1032 1031 1031 1029 1029 1027 1027 1033 1033 1033 1033 1031 1031 1029 1029 1027 1027 1029 1029 1028 1028 1029 1029 1031 1031 1030 1030 1026 1026 1027 1027 1012 1012 1012 1012 1027 1027 1013 1013 1027 1027 1028 1028 1013 1013 1013 1013 1028 1028 1014 1014 1028 1028 1029 1029 1014 1014 1014 1014 1029 1029 1015 1015 1029 1029 1030 1030 1015 1015 1015 1015 1030 1030 1016 1016 1030 1030 1031 1031 1016 1016 1016 1016 1031 1031 1017 1017 1031 1031 1032 1032 1017 1017 1017 1017 1032 1032 1018 1018 1032 1032 1033 1033 1018 1018 1018 1018 1033 1033 1019 1019 1033 1033 1034 1034 1019 1019 1019 1019 1034 1034 1020 1020 1034 1034 1035 1035 1020 1020 1020 1020 1035 1035 1021 1021 1035 1035 1036 1036 1021 1021 1021 1021 1036 1036 1022 1022 1036 1036 1037 1037 1022 1022 1022 1022 1037 1037 1023 1023 1037 1037 1038 1038 1023 1023 1023 1023 1038 1038 1024 1024 1039 1039 1026 1026 1025 1025 1025 1025 1026 1026 1012 1012 1038 1038 1039 1039 1024 1024 1024 1024 1039 1039 1025 1025 1052 1052 1050 1050 1051 1051 1052 1052 1041 1041 1049 1049 1041 1041 1053 1053 1040 1040 1041 1041 1042 1042 1049 1049 1041 1041 1052 1052 1053 1053 1049 1049 1050 1050 1052 1052 1047 1047 1048 1048 1049 1049 1045 1045 1047 1047 1049 1049 1044 1044 1042 1042 1043 1043 1047 1047 1045 1045 1046 1046 1042 1042 1044 1044 1045 1045 1049 1049 1042 1042 1045 1045 1065 1065 1064 1064 1066 1066 1063 1063 1055 1055 1066 1066 1054 1054 1067 1067 1055 1055 1063 1063 1056 1056 1055 1055 1067 1067 1066 1066 1055 1055 1066 1066 1064 1064 1063 1063 1063 1063 1062 1062 1061 1061 1063 1063 1061 1061 1059 1059 1057 1057 1056 1056 1058 1058 1060 1060 1059 1059 1061 1061 1059 1059 1058 1058 1056 1056 1059 1059 1056 1056 1063 1063 1054 1054 1055 1055 1040 1040 1040 1040 1055 1055 1041 1041 1055 1055 1056 1056 1041 1041 1041 1041 1056 1056 1042 1042 1056 1056 1057 1057 1042 1042 1042 1042 1057 1057 1043 1043 1057 1057 1058 1058 1043 1043 1043 1043 1058 1058 1044 1044 1058 1058 1059 1059 1044 1044 1044 1044 1059 1059 1045 1045 1059 1059 1060 1060 1045 1045 1045 1045 1060 1060 1046 1046 1060 1060 1061 1061 1046 1046 1046 1046 1061 1061 1047 1047 1061 1061 1062 1062 1047 1047 1047 1047 1062 1062 1048 1048 1062 1062 1063 1063 1048 1048 1048 1048 1063 1063 1049 1049 1063 1063 1064 1064 1049 1049 1049 1049 1064 1064 1050 1050 1064 1064 1065 1065 1050 1050 1050 1050 1065 1065 1051 1051 1065 1065 1066 1066 1051 1051 1051 1051 1066 1066 1052 1052 1067 1067 1054 1054 1053 1053 1053 1053 1054 1054 1040 1040 1066 1066 1067 1067 1052 1052 1052 1052 1067 1067 1053 1053 1077 1077 1078 1078 1080 1080 1077 1077 1080 1080 1069 1069 1079 1079 1080 1080 1078 1078 1081 1081 1068 1068 1069 1069 1081 1081 1069 1069 1080 1080 1073 1073 1075 1075 1077 1077 1076 1076 1077 1077 1075 1075 1074 1074 1075 1075 1073 1073 1070 1070 1073 1073 1077 1077 1072 1072 1070 1070 1071 1071 1073 1073 1070 1070 1072 1072 1077 1077 1069 1069 1070 1070 1094 1094 1092 1092 1091 1091 1083 1083 1094 1094 1091 1091 1092 1092 1094 1094 1093 1093 1083 1083 1082 1082 1095 1095 1094 1094 1083 1083 1095 1095 1091 1091 1089 1089 1087 1087 1089 1089 1091 1091 1090 1090 1087 1087 1089 1089 1088 1088 1091 1091 1087 1087 1084 1084 1085 1085 1084 1084 1086 1086 1086 1086 1084 1084 1087 1087 1084 1084 1083 1083 1091 1091 1082 1082 1083 1083 1068 1068 1068 1068 1083 1083 1069 1069 1083 1083 1084 1084 1069 1069 1069 1069 1084 1084 1070 1070 1084 1084 1085 1085 1070 1070 1070 1070 1085 1085 1071 1071 1085 1085 1086 1086 1071 1071 1071 1071 1086 1086 1072 1072 1086 1086 1087 1087 1072 1072 1072 1072 1087 1087 1073 1073 1087 1087 1088 1088 1073 1073 1073 1073 1088 1088 1074 1074 1088 1088 1089 1089 1074 1074 1074 1074 1089 1089 1075 1075 1089 1089 1090 1090 1075 1075 1075 1075 1090 1090 1076 1076 1090 1090 1091 1091 1076 1076 1076 1076 1091 1091 1077 1077 1091 1091 1092 1092 1077 1077 1077 1077 1092 1092 1078 1078 1092 1092 1093 1093 1078 1078 1078 1078 1093 1093 1079 1079 1093 1093 1094 1094 1079 1079 1079 1079 1094 1094 1080 1080 1095 1095 1082 1082 1081 1081 1081 1081 1082 1082 1068 1068 1094 1094 1095 1095 1080 1080 1080 1080 1095 1095 1081 1081 1106 1106 1107 1107 1108 1108 1104 1104 1105 1105 1106 1106 1100 1100 1108 1108 1110 1110 1110 1110 1096 1096 1098 1098 1111 1111 1096 1096 1110 1110 1110 1110 1108 1108 1109 1109 1106 1106 1108 1108 1100 1100 1100 1100 1101 1101 1102 1102 1102 1102 1103 1103 1104 1104 1102 1102 1106 1106 1100 1100 1099 1099 1100 1100 1098 1098 1110 1110 1098 1098 1100 1100 1096 1096 1097 1097 1098 1098 1104 1104 1106 1106 1102 1102 1124 1124 1123 1123 1122 1122 1122 1122 1121 1121 1120 1120 1126 1126 1124 1124 1116 1116 1114 1114 1112 1112 1126 1126 1126 1126 1112 1112 1127 1127 1125 1125 1124 1124 1126 1126 1116 1116 1124 1124 1122 1122 1118 1118 1117 1117 1116 1116 1120 1120 1119 1119 1118 1118 1116 1116 1122 1122 1118 1118 1114 1114 1116 1116 1115 1115 1116 1116 1114 1114 1126 1126 1114 1114 1113 1113 1112 1112 1118 1118 1122 1122 1120 1120 1112 1112 1113 1113 1096 1096 1096 1096 1113 1113 1097 1097 1113 1113 1114 1114 1097 1097 1097 1097 1114 1114 1098 1098 1114 1114 1115 1115 1098 1098 1098 1098 1115 1115 1099 1099 1115 1115 1116 1116 1099 1099 1099 1099 1116 1116 1100 1100 1116 1116 1117 1117 1100 1100 1100 1100 1117 1117 1101 1101 1117 1117 1118 1118 1101 1101 1101 1101 1118 1118 1102 1102 1118 1118 1119 1119 1102 1102 1102 1102 1119 1119 1103 1103 1119 1119 1120 1120 1103 1103 1103 1103 1120 1120 1104 1104 1120 1120 1121 1121 1104 1104 1104 1104 1121 1121 1105 1105 1121 1121 1122 1122 1105 1105 1105 1105 1122 1122 1106 1106 1122 1122 1123 1123 1106 1106 1106 1106 1123 1123 1107 1107 1123 1123 1124 1124 1107 1107 1107 1107 1124 1124 1108 1108 1124 1124 1125 1125 1108 1108 1108 1108 1125 1125 1109 1109 1125 1125 1126 1126 1109 1109 1109 1109 1126 1126 1110 1110 1127 1127 1112 1112 1111 1111 1111 1111 1112 1112 1096 1096 1126 1126 1127 1127 1110 1110 1110 1110 1127 1127 1111 1111 1137 1137 1140 1140 1142 1142 1140 1140 1137 1137 1139 1139 1142 1142 1140 1140 1141 1141 1144 1144 1142 1142 1143 1143 1142 1142 1144 1144 1145 1145 1145 1145 1128 1128 1129 1129 1132 1132 1142 1142 1145 1145 1137 1137 1138 1138 1139 1139 1135 1135 1136 1136 1137 1137 1133 1133 1134 1134 1135 1135 1142 1142 1132 1132 1135 1135 1145 1145 1131 1131 1132 1132 1131 1131 1129 1129 1130 1130 1133 1133 1135 1135 1132 1132 1145 1145 1129 1129 1131 1131 1137 1137 1142 1142 1135 1135 1160 1160 1158 1158 1155 1155 1157 1157 1155 1155 1158 1158 1159 1159 1158 1158 1160 1160 1161 1161 1160 1160 1162 1162 1163 1163 1162 1162 1160 1160 1147 1147 1146 1146 1163 1163 1163 1163 1160 1160 1150 1150 1157 1157 1156 1156 1155 1155 1155 1155 1154 1154 1153 1153 1153 1153 1152 1152 1151 1151 1153 1153 1150 1150 1160 1160 1150 1150 1149 1149 1163 1163 1148 1148 1147 1147 1149 1149 1150 1150 1153 1153 1151 1151 1149 1149 1147 1147 1163 1163 1153 1153 1160 1160 1155 1155 1146 1146 1147 1147 1128 1128 1128 1128 1147 1147 1129 1129 1147 1147 1148 1148 1129 1129 1129 1129 1148 1148 1130 1130 1148 1148 1149 1149 1130 1130 1130 1130 1149 1149 1131 1131 1149 1149 1150 1150 1131 1131 1131 1131 1150 1150 1132 1132 1150 1150 1151 1151 1132 1132 1132 1132 1151 1151 1133 1133 1151 1151 1152 1152 1133 1133 1133 1133 1152 1152 1134 1134 1152 1152 1153 1153 1134 1134 1134 1134 1153 1153 1135 1135 1153 1153 1154 1154 1135 1135 1135 1135 1154 1154 1136 1136 1154 1154 1155 1155 1136 1136 1136 1136 1155 1155 1137 1137 1155 1155 1156 1156 1137 1137 1137 1137 1156 1156 1138 1138 1156 1156 1157 1157 1138 1138 1138 1138 1157 1157 1139 1139 1157 1157 1158 1158 1139 1139 1139 1139 1158 1158 1140 1140 1158 1158 1159 1159 1140 1140 1140 1140 1159 1159 1141 1141 1159 1159 1160 1160 1141 1141 1141 1141 1160 1160 1142 1142 1160 1160 1161 1161 1142 1142 1142 1142 1161 1161 1143 1143 1161 1161 1162 1162 1143 1143 1143 1143 1162 1162 1144 1144 1163 1163 1146 1146 1145 1145 1145 1145 1146 1146 1128 1128 1162 1162 1163 1163 1144 1144 1144 1144 1163 1163 1145 1145 1177 1177 1175 1175 1176 1176 1172 1172 1173 1173 1174 1174 1170 1170 1172 1172 1180 1180 1175 1175 1172 1172 1174 1174 1178 1178 1172 1172 1175 1175 1172 1172 1178 1178 1180 1180 1182 1182 1180 1180 1181 1181 1178 1178 1179 1179 1180 1180 1178 1178 1175 1175 1177 1177 1172 1172 1170 1170 1171 1171 1170 1170 1168 1168 1169 1169 1165 1165 1167 1167 1168 1168 1182 1182 1168 1168 1170 1170 1164 1164 1182 1182 1183 1183 1182 1182 1164 1164 1165 1165 1167 1167 1165 1165 1166 1166 1165 1165 1168 1168 1182 1182 1170 1170 1180 1180 1182 1182 1196 1196 1195 1195 1197 1197 1194 1194 1193 1193 1192 1192 1200 1200 1192 1192 1190 1190 1194 1194 1192 1192 1195 1195 1195 1195 1192 1192 1198 1198 1200 1200 1198 1198 1192 1192 1201 1201 1200 1200 1202 1202 1200 1200 1199 1199 1198 1198 1197 1197 1195 1195 1198 1198 1191 1191 1190 1190 1192 1192 1189 1189 1188 1188 1190 1190 1188 1188 1187 1187 1185 1185 1190 1190 1188 1188 1202 1202 1203 1203 1202 1202 1184 1184 1185 1185 1184 1184 1202 1202 1186 1186 1185 1185 1187 1187 1202 1202 1188 1188 1185 1185 1202 1202 1200 1200 1190 1190 1184 1184 1185 1185 1164 1164 1164 1164 1185 1185 1165 1165 1185 1185 1186 1186 1165 1165 1165 1165 1186 1186 1166 1166 1186 1186 1187 1187 1166 1166 1166 1166 1187 1187 1167 1167 1187 1187 1188 1188 1167 1167 1167 1167 1188 1188 1168 1168 1188 1188 1189 1189 1168 1168 1168 1168 1189 1189 1169 1169 1189 1189 1190 1190 1169 1169 1169 1169 1190 1190 1170 1170 1190 1190 1191 1191 1170 1170 1170 1170 1191 1191 1171 1171 1191 1191 1192 1192 1171 1171 1171 1171 1192 1192 1172 1172 1192 1192 1193 1193 1172 1172 1172 1172 1193 1193 1173 1173 1193 1193 1194 1194 1173 1173 1173 1173 1194 1194 1174 1174 1194 1194 1195 1195 1174 1174 1174 1174 1195 1195 1175 1175 1195 1195 1196 1196 1175 1175 1175 1175 1196 1196 1176 1176 1196 1196 1197 1197 1176 1176 1176 1176 1197 1197 1177 1177 1197 1197 1198 1198 1177 1177 1177 1177 1198 1198 1178 1178 1198 1198 1199 1199 1178 1178 1178 1178 1199 1199 1179 1179 1199 1199 1200 1200 1179 1179 1179 1179 1200 1200 1180 1180 1200 1200 1201 1201 1180 1180 1180 1180 1201 1201 1181 1181 1201 1201 1202 1202 1181 1181 1181 1181 1202 1202 1182 1182 1203 1203 1184 1184 1183 1183 1183 1183 1184 1184 1164 1164 1202 1202 1203 1203 1182 1182 1182 1182 1203 1203 1183 1183 1217 1217 1218 1218 1216 1216 1216 1216 1218 1218 1213 1213 1218 1218 1220 1220 1208 1208 1220 1220 1218 1218 1219 1219 1223 1223 1221 1221 1222 1222 1220 1220 1221 1221 1223 1223 1224 1224 1225 1225 1223 1223 1220 1220 1223 1223 1225 1225 1207 1207 1220 1220 1225 1225 1213 1213 1215 1215 1216 1216 1211 1211 1213 1213 1218 1218 1209 1209 1210 1210 1211 1211 1213 1213 1211 1211 1212 1212 1218 1218 1208 1208 1211 1211 1225 1225 1205 1205 1207 1207 1207 1207 1208 1208 1220 1220 1204 1204 1205 1205 1225 1225 1207 1207 1205 1205 1206 1206 1209 1209 1211 1211 1208 1208 1214 1214 1215 1215 1213 1213 1238 1238 1240 1240 1239 1239 1235 1235 1240 1240 1238 1238 1230 1230 1242 1242 1240 1240 1241 1241 1240 1240 1242 1242 1244 1244 1243 1243 1245 1245 1245 1245 1243 1243 1242 1242 1245 1245 1247 1247 1246 1246 1247 1247 1245 1245 1242 1242 1247 1247 1242 1242 1229 1229 1238 1238 1237 1237 1235 1235 1240 1240 1235 1235 1233 1233 1233 1233 1232 1232 1231 1231 1234 1234 1233 1233 1235 1235 1233 1233 1230 1230 1240 1240 1229 1229 1227 1227 1247 1247 1242 1242 1230 1230 1229 1229 1247 1247 1227 1227 1226 1226 1228 1228 1227 1227 1229 1229 1230 1230 1233 1233 1231 1231 1235 1235 1237 1237 1236 1236 1226 1226 1227 1227 1204 1204 1204 1204 1227 1227 1205 1205 1227 1227 1228 1228 1205 1205 1205 1205 1228 1228 1206 1206 1228 1228 1229 1229 1206 1206 1206 1206 1229 1229 1207 1207 1229 1229 1230 1230 1207 1207 1207 1207 1230 1230 1208 1208 1230 1230 1231 1231 1208 1208 1208 1208 1231 1231 1209 1209 1231 1231 1232 1232 1209 1209 1209 1209 1232 1232 1210 1210 1232 1232 1233 1233 1210 1210 1210 1210 1233 1233 1211 1211 1233 1233 1234 1234 1211 1211 1211 1211 1234 1234 1212 1212 1234 1234 1235 1235 1212 1212 1212 1212 1235 1235 1213 1213 1235 1235 1236 1236 1213 1213 1213 1213 1236 1236 1214 1214 1236 1236 1237 1237 1214 1214 1214 1214 1237 1237 1215 1215 1237 1237 1238 1238 1215 1215 1215 1215 1238 1238 1216 1216 1238 1238 1239 1239 1216 1216 1216 1216 1239 1239 1217 1217 1239 1239 1240 1240 1217 1217 1217 1217 1240 1240 1218 1218 1240 1240 1241 1241 1218 1218 1218 1218 1241 1241 1219 1219 1241 1241 1242 1242 1219 1219 1219 1219 1242 1242 1220 1220 1242 1242 1243 1243 1220 1220 1220 1220 1243 1243 1221 1221 1243 1243 1244 1244 1221 1221 1221 1221 1244 1244 1222 1222 1244 1244 1245 1245 1222 1222 1222 1222 1245 1245 1223 1223 1245 1245 1246 1246 1223 1223 1223 1223 1246 1246 1224 1224 1247 1247 1226 1226 1225 1225 1225 1225 1226 1226 1204 1204 1246 1246 1247 1247 1224 1224 1224 1224 1247 1247 1225 1225 1250 1250 1251 1251 1248 1248 1248 1248 1249 1249 1250 1250 1252 1252 1255 1255 1254 1254 1254 1254 1253 1253 1252 1252 1252 1252 1253 1253 1248 1248 1248 1248 1253 1253 1249 1249 1253 1253 1254 1254 1249 1249 1249 1249 1254 1254 1250 1250 1255 1255 1252 1252 1251 1251 1251 1251 1252 1252 1248 1248 1254 1254 1255 1255 1250 1250 1250 1250 1255 1255 1251 1251</p>
        </triangles>
      </mesh>
    </geometry>
  </library_geometries>
  <library_materials>
    <material id="eb8466a0a25544fa8cfd284fbba7e00e" name="defaultmaterial">
      <instance_effect url="#ffa43f3c862240df8a416f309a5215a9" />
    </material>
  </library_materials>
  <library_visual_scenes>
    <visual_scene id="scene">
      <node id="node0" name="node0">
        <instance_geometry url="#f8d689c25ff94bca8a0bd4d29046eb4e">
          <bind_material>
            <technique_common>
              <instance_material symbol="material0" target="#eb8466a0a25544fa8cfd284fbba7e00e" />
            </technique_common>
          </bind_material>
        </instance_geometry>
      </node>
    </visual_scene>
  </library_visual_scenes>
  <scene>
    <instance_visual_scene url="#scene" />
  </scene>
</COLLADA>
