{
  "type": "FeatureCollection",
  "features": [
    {
      "type": "Feature",
      "id": 129929291,
      "geometry": {
        "type": "Polygon",
        "coordinates": [
          [
            [
              8.603719174861908,
              47.34424066758461
            ],
            [
              8.60380232334137,
              47.34413706998398
            ],
            [
              8.603692352771759,
              47.34409708494514
            ],
            [
              8.603611886501312,
              47.34420068254577
            ],
            [
              8.603719174861908,
              47.34424066758461
            ]
          ]
        ]
      },
      "properties": {
        "type": "building",
        "extrude": "true",
        "height": 10.0,
        "iso_3166_2": "CH-ZH",
        "min_height": 0.0,
        "iso_3166_1": "CH",
        "underground": "false"
      }
    },
    {
      "type": "Feature",
      "id": 198898479,
      "geometry": {
        "type": "Polygon",
        "coordinates": [
          [
            [
              8.607637882232666,
              47.34388988974389
            ],
            [
              8.607702255249023,
              47.34382264217857
            ],
            [
              8.607627153396606,
              47.343788109645025
            ],
            [
              8.607560098171234,
              47.34385353970858
            ],
            [
              8.607637882232666,
              47.34388988974389
            ]
          ]
        ]
      },
      "properties": {
        "type": "building",
        "extrude": "true",
        "height": 8.0,
        "iso_3166_2": "CH-ZH",
        "min_height": 0.0,
        "iso_3166_1": "CH",
        "underground": "false"
      }
    },
    {
      "type": "Feature",
      "id": 129929713,
      "geometry": {
        "type": "Polygon",
        "coordinates": [
          [
            [
              8.604172468185425,
              47.34417887252459
            ],
            [
              8.604293167591095,
              47.34403165488159
            ],
            [
              8.604161739349365,
              47.34398621733745
            ],
            [
              8.604041039943695,
              47.34413343498045
            ],
            [
              8.604172468185425,
              47.34417887252459
            ]
          ]
        ]
      },
      "properties": {
        "type": "building",
        "extrude": "true",
        "height": 11.0,
        "iso_3166_2": "CH-ZH",
        "min_height": 0.0,
        "iso_3166_1": "CH",
        "underground": "false"
      }
    },
    {
      "type": "Feature",
      "id": 129929706,
      "geometry": {
        "type": "Polygon",
        "coordinates": [
          [
            [
              8.604172468185425,
              47.343131991507725
            ],
            [
              8.604293167591095,
              47.3429811388612
            ],
            [
              8.604161739349365,
              47.3429338838153
            ],
            [
              8.604041039943695,
              47.343075648953
            ],
            [
              8.604172468185425,
              47.343131991507725
            ]
          ]
        ]
      },
      "properties": {
        "type": "building",
        "extrude": "true",
        "height": 9.0,
        "iso_3166_2": "CH-ZH",
        "min_height": 0.0,
        "iso_3166_1": "CH",
        "underground": "false"
      }
    },
    {
      "type": "Feature",
      "id": 129933001,
      "geometry": {
        "type": "Polygon",
        "coordinates": [
          [
            [
              8.607442080974579,
              47.34197242538141
            ],
            [
              8.607584238052368,
              47.34182884274195
            ],
            [
              8.607455492019653,
              47.34177068268545
            ],
            [
              8.607313334941864,
              47.341912447823155
            ],
            [
              8.607442080974579,
              47.34197242538141
            ]
          ]
        ]
      },
      "properties": {
        "type": "building",
        "extrude": "true",
        "height": 12.0,
        "iso_3166_2": "CH-ZH",
        "min_height": 0.0,
        "iso_3166_1": "CH",
        "underground": "false"
      }
    },
    {
      "type": "Feature",
      "id": 129929710,
      "geometry": {
        "type": "Polygon",
        "coordinates": [
          [
            [
              8.604352176189423,
              47.34392260477566
            ],
            [
              8.604480922222137,
              47.343764482122076
            ],
            [
              8.604362905025482,
              47.343719044577945
            ],
            [
              8.604231476783752,
              47.34387716723153
            ],
            [
              8.604352176189423,
              47.34392260477566
            ]
          ]
        ]
      },
      "properties": {
        "type": "building",
        "extrude": "true",
        "height": 10.0,
        "iso_3166_2": "CH-ZH",
        "min_height": 0.0,
        "iso_3166_1": "CH",
        "underground": "false"
      }
    },
    {
      "type": "Feature",
      "id": 129933004,
      "geometry": {
        "type": "Polygon",
        "coordinates": [
          [
            [
              8.60729455947876,
              47.3421250955297
            ],
            [
              8.607442080974579,
              47.34197242538141
            ],
            [
              8.607313334941864,
              47.341912447823155
            ],
            [
              8.60716313123703,
              47.34206693547321
            ],
            [
              8.60729455947876,
              47.3421250955297
            ]
          ]
        ]
      },
      "properties": {
        "type": "building",
        "extrude": "true",
        "height": 12.0,
        "iso_3166_2": "CH-ZH",
        "min_height": 0.0,
        "iso_3166_1": "CH",
        "underground": "false"
      }
    },
    {
      "type": "Feature",
      "id": 129929711,
      "geometry": {
        "type": "Polygon",
        "coordinates": [
          [
            [
              8.604378998279572,
              47.34288299376587
            ],
            [
              8.604497015476227,
              47.342741228628164
            ],
            [
              8.604378998279572,
              47.3426921560805
            ],
            [
              8.604255616664886,
              47.34283573871997
            ],
            [
              8.604378998279572,
              47.34288299376587
            ]
          ]
        ]
      },
      "properties": {
        "type": "building",
        "extrude": "true",
        "height": 11.0,
        "iso_3166_2": "CH-ZH",
        "min_height": 0.0,
        "iso_3166_1": "CH",
        "underground": "false"
      }
    },
    {
      "type": "Feature",
      "id": 129932319,
      "geometry": {
        "type": "Polygon",
        "coordinates": [
          [
            [
              8.606503307819366,
              47.341394459820016
            ],
            [
              8.60666960477829,
              47.34121816214878
            ],
            [
              8.606546223163605,
              47.34116181959405
            ],
            [
              8.606374561786652,
              47.34133811726529
            ],
            [
              8.606503307819366,
              47.341394459820016
            ]
          ]
        ]
      },
      "properties": {
        "type": "building",
        "height": 3.0,
        "extrude": "true",
        "iso_3166_2": "CH-ZH",
        "min_height": 0.0,
        "iso_3166_1": "CH",
        "underground": "false"
      }
    },
    {
      "type": "Feature",
      "id": 129929705,
      "geometry": {
        "type": "Polygon",
        "coordinates": [
          [
            [
              8.604451417922974,
              47.34324285911541
            ],
            [
              8.604596257209778,
              47.3430701964477
            ],
            [
              8.604464828968048,
              47.34301930639827
            ],
            [
              8.604319989681244,
              47.343191969065984
            ],
            [
              8.604451417922974,
              47.34324285911541
            ]
          ]
        ]
      },
      "properties": {
        "type": "building",
        "extrude": "true",
        "height": 11.0,
        "iso_3166_2": "CH-ZH",
        "min_height": 0.0,
        "iso_3166_1": "CH",
        "underground": "false"
      }
    },
    {
      "type": "Feature",
      "id": 129932318,
      "geometry": {
        "type": "Polygon",
        "coordinates": [
          [
            [
              8.606342375278473,
              47.34156530498596
            ],
            [
              8.606503307819366,
              47.341394459820016
            ],
            [
              8.606374561786652,
              47.34133811726529
            ],
            [
              8.606210947036743,
              47.34150714492947
            ],
            [
              8.606342375278473,
              47.34156530498596
            ]
          ]
        ]
      },
      "properties": {
        "type": "building",
        "height": 3.0,
        "extrude": "true",
        "iso_3166_2": "CH-ZH",
        "min_height": 0.0,
        "iso_3166_1": "CH",
        "underground": "false"
      }
    },
    {
      "type": "Feature",
      "id": 129929708,
      "geometry": {
        "type": "Polygon",
        "coordinates": [
          [
            [
              8.604840338230133,
              47.34389715975095
            ],
            [
              8.604977130889893,
              47.343713592072646
            ],
            [
              8.604816198348999,
              47.34366088452145
            ],
            [
              8.60467404127121,
              47.343840817196224
            ],
            [
              8.604840338230133,
              47.34389715975095
            ]
          ]
        ]
      },
      "properties": {
        "type": "building",
        "extrude": "true",
        "height": 9.0,
        "iso_3166_2": "CH-ZH",
        "min_height": 0.0,
        "iso_3166_1": "CH",
        "underground": "false"
      }
    },
    {
      "type": "Feature",
      "id": 129929704,
      "geometry": {
        "type": "Polygon",
        "coordinates": [
          [
            [
              8.603968620300293,
              47.34338462425311
            ],
            [
              8.604100048542023,
              47.343230136603054
            ],
            [
              8.603955209255219,
              47.343179246553625
            ],
            [
              8.603823781013489,
              47.34332646419662
            ],
            [
              8.603968620300293,
              47.34338462425311
            ]
          ]
        ]
      },
      "properties": {
        "type": "building",
        "extrude": "true",
        "height": 10.0,
        "iso_3166_2": "CH-ZH",
        "min_height": 0.0,
        "iso_3166_1": "CH",
        "underground": "false"
      }
    },
    {
      "type": "Feature",
      "id": 129932317,
      "geometry": {
        "type": "Polygon",
        "coordinates": [
          [
            [
              8.606530129909515,
              47.34209419799969
            ],
            [
              8.606696426868439,
              47.341916082826685
            ],
            [
              8.606564998626709,
              47.34185974027196
            ],
            [
              8.606398701667786,
              47.342037855444964
            ],
            [
              8.606530129909515,
              47.34209419799969
            ]
          ]
        ]
      },
      "properties": {
        "type": "building",
        "extrude": "true",
        "height": 7.0,
        "iso_3166_2": "CH-ZH",
        "min_height": 0.0,
        "iso_3166_1": "CH",
        "underground": "false"
      }
    },
    {
      "type": "Feature",
      "id": 129929703,
      "geometry": {
        "type": "Polygon",
        "coordinates": [
          [
            [
              8.603965938091278,
              47.34445149778939
            ],
            [
              8.604094684123993,
              47.344282470125215
            ],
            [
              8.603955209255219,
              47.34423339757755
            ],
            [
              8.603826463222504,
              47.344402425241725
            ],
            [
              8.603965938091278,
              47.34445149778939
            ]
          ]
        ]
      },
      "properties": {
        "type": "building",
        "extrude": "true",
        "height": 9.0,
        "iso_3166_2": "CH-ZH",
        "min_height": 0.0,
        "iso_3166_1": "CH",
        "underground": "false"
      }
    },
    {
      "type": "Feature",
      "id": 129932315,
      "geometry": {
        "type": "Polygon",
        "coordinates": [
          [
            [
              8.606363832950592,
              47.34226140816211
            ],
            [
              8.606530129909515,
              47.34209419799969
            ],
            [
              8.606398701667786,
              47.342037855444964
            ],
            [
              8.606240451335907,
              47.34220506560738
            ],
            [
              8.606363832950592,
              47.34226140816211
            ]
          ]
        ]
      },
      "properties": {
        "type": "building",
        "extrude": "true",
        "height": 8.0,
        "iso_3166_2": "CH-ZH",
        "min_height": 0.0,
        "iso_3166_1": "CH",
        "underground": "false"
      }
    },
    {
      "type": "Feature",
      "id": 129929950,
      "geometry": {
        "type": "Polygon",
        "coordinates": [
          [
            [
              8.60478937625885,
              47.342679433568144
            ],
            [
              8.604877889156342,
              47.342564930956925
            ],
            [
              8.604617714881897,
              47.34247405586866
            ],
            [
              8.604529201984406,
              47.342588558479875
            ],
            [
              8.60478937625885,
              47.342679433568144
            ]
          ]
        ]
      },
      "properties": {
        "type": "building",
        "extrude": "true",
        "height": 11.0,
        "iso_3166_2": "CH-ZH",
        "min_height": 0.0,
        "iso_3166_1": "CH",
        "underground": "false"
      }
    },
    {
      "type": "Feature",
      "id": 129929943,
      "geometry": {
        "type": "Polygon",
        "coordinates": [
          [
            [
              8.605553805828094,
              47.343146531521846
            ],
            [
              8.605634272098541,
              47.34303566391416
            ],
            [
              8.605339229106903,
              47.34293570131706
            ],
            [
              8.605258762836456,
              47.34304656892475
            ],
            [
              8.605553805828094,
              47.343146531521846
            ]
          ]
        ]
      },
      "properties": {
        "type": "building",
        "extrude": "true",
        "height": 11.0,
        "iso_3166_2": "CH-ZH",
        "min_height": 0.0,
        "iso_3166_1": "CH",
        "underground": "false"
      }
    },
    {
      "type": "Feature",
      "id": 129929947,
      "geometry": {
        "type": "Polygon",
        "coordinates": [
          [
            [
              8.605191707611084,
              47.34281938120408
            ],
            [
              8.60527753829956,
              47.34270669609462
            ],
            [
              8.60502541065216,
              47.342619456009885
            ],
            [
              8.604939579963684,
              47.3427339586211
            ],
            [
              8.605191707611084,
              47.34281938120408
            ]
          ]
        ]
      },
      "properties": {
        "type": "building",
        "extrude": "true",
        "height": 10.0,
        "iso_3166_2": "CH-ZH",
        "min_height": 0.0,
        "iso_3166_1": "CH",
        "underground": "false"
      }
    },
    {
      "type": "Feature",
      "id": 129933005,
      "geometry": {
        "type": "Polygon",
        "coordinates": [
          [
            [
              8.607584238052368,
              47.34163982255834
            ],
            [
              8.607659339904785,
              47.34155439997537
            ],
            [
              8.60743135213852,
              47.341454437378275
            ],
            [
              8.607348203659058,
              47.341532589954184
            ],
            [
              8.607584238052368,
              47.34163982255834
            ]
          ]
        ]
      },
      "properties": {
        "type": "building",
        "height": 3.0,
        "extrude": "true",
        "iso_3166_2": "CH-ZH",
        "min_height": 0.0,
        "iso_3166_1": "CH",
        "underground": "false"
      }
    },
    {
      "type": "Feature",
      "id": 129932768,
      "geometry": {
        "type": "Polygon",
        "coordinates": [
          [
            [
              8.60653817653656,
              47.34270851359639
            ],
            [
              8.606629371643066,
              47.342608550999294
            ],
            [
              8.60642820596695,
              47.342526763419855
            ],
            [
              8.606331646442413,
              47.342615821006355
            ],
            [
              8.60653817653656,
              47.34270851359639
            ]
          ]
        ]
      },
      "properties": {
        "type": "building",
        "extrude": "true",
        "height": 12.0,
        "iso_3166_2": "CH-ZH",
        "min_height": 0.0,
        "iso_3166_1": "CH",
        "underground": "false"
      }
    },
    {
      "type": "Feature",
      "id": 129292283,
      "geometry": {
        "type": "Polygon",
        "coordinates": [
          [
            [
              8.608799278736115,
              47.343855357210344
            ],
            [
              8.608962893486023,
              47.343809919666214
            ],
            [
              8.60891729593277,
              47.343729949588536
            ],
            [
              8.608750998973846,
              47.34377538713267
            ],
            [
              8.608788549900055,
              47.343835364690925
            ],
            [
              8.608799278736115,
              47.343855357210344
            ]
          ]
        ]
      },
      "properties": {
        "type": "building",
        "extrude": "true",
        "height": 5.0,
        "iso_3166_2": "CH-ZH",
        "min_height": 0.0,
        "iso_3166_1": "CH",
        "underground": "false"
      }
    },
    {
      "type": "Feature",
      "id": 129932756,
      "geometry": {
        "type": "Polygon",
        "coordinates": [
          [
            [
              8.606723248958588,
              47.3427866661723
            ],
            [
              8.606817126274109,
              47.34269579108403
            ],
            [
              8.606629371643066,
              47.342608550999294
            ],
            [
              8.60653817653656,
              47.34270851359639
            ],
            [
              8.606723248958588,
              47.3427866661723
            ]
          ]
        ]
      },
      "properties": {
        "type": "building",
        "extrude": "true",
        "height": 12.0,
        "iso_3166_2": "CH-ZH",
        "min_height": 0.0,
        "iso_3166_1": "CH",
        "underground": "false"
      }
    },
    {
      "type": "Feature",
      "id": 129933007,
      "geometry": {
        "type": "Polygon",
        "coordinates": [
          [
            [
              8.60779881477356,
              47.34173433265014
            ],
            [
              8.607884645462036,
              47.3416525450707
            ],
            [
              8.607659339904785,
              47.34155439997537
            ],
            [
              8.607584238052368,
              47.34163982255834
            ],
            [
              8.60779881477356,
              47.34173433265014
            ]
          ]
        ]
      },
      "properties": {
        "type": "building",
        "height": 3.0,
        "extrude": "true",
        "iso_3166_2": "CH-ZH",
        "min_height": 0.0,
        "iso_3166_1": "CH",
        "underground": "false"
      }
    },
    {
      "type": "Feature",
      "id": 129929707,
      "geometry": {
        "type": "Polygon",
        "coordinates": [
          [
            [
              8.604580163955688,
              47.34365361451439
            ],
            [
              8.604706227779388,
              47.34347913434491
            ],
            [
              8.604529201984406,
              47.34342097428842
            ],
            [
              8.604397773742676,
              47.3435954544579
            ],
            [
              8.604580163955688,
              47.34365361451439
            ]
          ]
        ]
      },
      "properties": {
        "type": "building",
        "extrude": "true",
        "height": 10.0,
        "iso_3166_2": "CH-ZH",
        "min_height": 0.0,
        "iso_3166_1": "CH",
        "underground": "false"
      }
    },
    {
      "type": "Feature",
      "id": 129929944,
      "geometry": {
        "type": "Polygon",
        "coordinates": [
          [
            [
              8.605347275733948,
              47.34335736172663
            ],
            [
              8.60543042421341,
              47.343241041613645
            ],
            [
              8.605175614356995,
              47.34315743653244
            ],
            [
              8.605095148086548,
              47.343273756645424
            ],
            [
              8.605347275733948,
              47.34335736172663
            ]
          ]
        ]
      },
      "properties": {
        "type": "building",
        "extrude": "true",
        "height": 10.0,
        "iso_3166_2": "CH-ZH",
        "min_height": 0.0,
        "iso_3166_1": "CH",
        "underground": "false"
      }
    },
    {
      "type": "Feature",
      "id": 129929298,
      "geometry": {
        "type": "Polygon",
        "coordinates": [
          [
            [
              8.604110777378082,
              47.343757212115015
            ],
            [
              8.604196608066559,
              47.343655432016156
            ],
            [
              8.604014217853546,
              47.34358454944731
            ],
            [
              8.60392838716507,
              47.343686329546166
            ],
            [
              8.604086637496948,
              47.343749942107955
            ],
            [
              8.604110777378082,
              47.343757212115015
            ]
          ]
        ]
      },
      "properties": {
        "type": "building",
        "extrude": "true",
        "height": 11.0,
        "iso_3166_2": "CH-ZH",
        "min_height": 0.0,
        "iso_3166_1": "CH",
        "underground": "false"
      }
    },
    {
      "type": "Feature",
      "id": 129929293,
      "geometry": {
        "type": "Polygon",
        "coordinates": [
          [
            [
              8.603998124599457,
              47.343851722206814
            ],
            [
              8.604086637496948,
              47.343749942107955
            ],
            [
              8.60392838716507,
              47.343686329546166
            ],
            [
              8.60391229391098,
              47.343679059539106
            ],
            [
              8.603821098804474,
              47.343780839637965
            ],
            [
              8.603998124599457,
              47.343851722206814
            ]
          ]
        ]
      },
      "properties": {
        "type": "building",
        "extrude": "true",
        "height": 12.0,
        "iso_3166_2": "CH-ZH",
        "min_height": 0.0,
        "iso_3166_1": "CH",
        "underground": "false"
      }
    },
    {
      "type": "Feature",
      "id": 2056083932445935,
      "geometry": {
        "type": "Polygon",
        "coordinates": [
          [
            [
              8.60654354095459,
              47.340874654315115
            ],
            [
              8.606575727462769,
              47.34078741423038
            ],
            [
              8.60641211271286,
              47.340761969205666
            ],
            [
              8.606404066085815,
              47.34078377922685
            ],
            [
              8.606438934803009,
              47.340789231732145
            ],
            [
              8.60641747713089,
              47.340852844293934
            ],
            [
              8.60654354095459,
              47.340874654315115
            ]
          ]
        ]
      },
      "properties": {
        "extrude": "true",
        "height": 2.6049626,
        "iso_3166_2": "CH-ZH",
        "min_height": 0.0,
        "iso_3166_1": "CH",
        "type": "building",
        "underground": "false"
      }
    },
    {
      "type": "Feature",
      "id": 129929949,
      "geometry": {
        "type": "Polygon",
        "coordinates": [
          [
            [
              8.604797422885895,
              47.34296114634178
            ],
            [
              8.604861795902252,
              47.34286663624998
            ],
            [
              8.604867160320282,
              47.34285936624292
            ],
            [
              8.604687452316284,
              47.34280302368819
            ],
            [
              8.604617714881897,
              47.34290480378705
            ],
            [
              8.604797422885895,
              47.34296114634178
            ]
          ]
        ]
      },
      "properties": {
        "type": "building",
        "extrude": "true",
        "height": 9.0,
        "iso_3166_2": "CH-ZH",
        "min_height": 0.0,
        "iso_3166_1": "CH",
        "underground": "false"
      }
    },
    {
      "type": "Feature",
      "id": 129932316,
      "geometry": {
        "type": "Polygon",
        "coordinates": [
          [
            [
              8.60717922449112,
              47.341498057420644
            ],
            [
              8.607262372970581,
              47.341408999834144
            ],
            [
              8.607098758220673,
              47.34133811726529
            ],
            [
              8.607029020786285,
              47.341414452339436
            ],
            [
              8.607109487056732,
              47.341448984872976
            ],
            [
              8.607096076011658,
              47.341463524887104
            ],
            [
              8.60717922449112,
              47.341498057420644
            ]
          ]
        ]
      },
      "properties": {
        "type": "building",
        "height": 3.0,
        "extrude": "true",
        "iso_3166_2": "CH-ZH",
        "min_height": 0.0,
        "iso_3166_1": "CH",
        "underground": "false"
      }
    },
    {
      "type": "Feature",
      "id": 129927519,
      "geometry": {
        "type": "Polygon",
        "coordinates": [
          [
            [
              8.602351248264313,
              47.3436372569985
            ],
            [
              8.602455854415894,
              47.34357364443671
            ],
            [
              8.602383434772491,
              47.34349730936257
            ],
            [
              8.602313697338104,
              47.34346459433079
            ],
            [
              8.602241277694702,
              47.34341370428136
            ],
            [
              8.602206408977509,
              47.34343733180431
            ],
            [
              8.602206408977509,
              47.34353365939788
            ],
            [
              8.602351248264313,
              47.3436372569985
            ]
          ]
        ]
      },
      "properties": {
        "type": "building",
        "extrude": "true",
        "height": 4.0,
        "iso_3166_2": "CH-ZH",
        "min_height": 0.0,
        "iso_3166_1": "CH",
        "underground": "false"
      }
    },
    {
      "type": "Feature",
      "id": 129292292,
      "geometry": {
        "type": "Polygon",
        "coordinates": [
          [
            [
              8.606355786323547,
              47.34467141550301
            ],
            [
              8.606489896774292,
              47.3445351028706
            ],
            [
              8.606503307819366,
              47.34452056285648
            ],
            [
              8.606245815753937,
              47.34440606024526
            ],
            [
              8.606098294258118,
              47.34455691289178
            ],
            [
              8.606355786323547,
              47.34467141550301
            ]
          ]
        ]
      },
      "properties": {
        "type": "building",
        "extrude": "true",
        "height": 12.0,
        "iso_3166_2": "CH-ZH",
        "min_height": 0.0,
        "iso_3166_1": "CH",
        "underground": "false"
      }
    },
    {
      "type": "Feature",
      "id": 198898444,
      "geometry": {
        "type": "Polygon",
        "coordinates": [
          [
            [
              8.607554733753204,
              47.343811737167975
            ],
            [
              8.607688844203949,
              47.343668154528515
            ],
            [
              8.607444763183594,
              47.34356092192436
            ],
            [
              8.607340157032013,
              47.34367360703381
            ],
            [
              8.60730528831482,
              47.343702687062056
            ],
            [
              8.607554733753204,
              47.343811737167975
            ]
          ]
        ]
      },
      "properties": {
        "type": "building",
        "extrude": "true",
        "height": 11.0,
        "iso_3166_2": "CH-ZH",
        "min_height": 0.0,
        "iso_3166_1": "CH",
        "underground": "false"
      }
    },
    {
      "type": "Feature",
      "id": 129932320,
      "geometry": {
        "type": "Polygon",
        "coordinates": [
          [
            [
              8.607029020786285,
              47.341414452339436
            ],
            [
              8.607098758220673,
              47.34133811726529
            ],
            [
              8.606889545917511,
              47.34124542467526
            ],
            [
              8.606803715229034,
              47.34133448226176
            ],
            [
              8.606889545917511,
              47.341370832297066
            ],
            [
              8.60690027475357,
              47.34136174478824
            ],
            [
              8.607029020786285,
              47.341414452339436
            ]
          ]
        ]
      },
      "properties": {
        "type": "building",
        "height": 3.0,
        "extrude": "true",
        "iso_3166_2": "CH-ZH",
        "min_height": 0.0,
        "iso_3166_1": "CH",
        "underground": "false"
      }
    },
    {
      "type": "Feature",
      "id": 129929942,
      "geometry": {
        "type": "Polygon",
        "coordinates": [
          [
            [
              8.604990541934967,
              47.34304656892475
            ],
            [
              8.605068325996399,
              47.34293024881177
            ],
            [
              8.604861795902252,
              47.34286663624998
            ],
            [
              8.604797422885895,
              47.34296114634178
            ],
            [
              8.60478401184082,
              47.34298295636297
            ],
            [
              8.604990541934967,
              47.34304656892475
            ]
          ]
        ]
      },
      "properties": {
        "type": "building",
        "extrude": "true",
        "height": 11.0,
        "iso_3166_2": "CH-ZH",
        "min_height": 0.0,
        "iso_3166_1": "CH",
        "underground": "false"
      }
    },
    {
      "type": "Feature",
      "id": 129292303,
      "geometry": {
        "type": "Polygon",
        "coordinates": [
          [
            [
              8.60691636800766,
              47.34454782538296
            ],
            [
              8.607071936130524,
              47.344391520231135
            ],
            [
              8.606892228126526,
              47.344306097648165
            ],
            [
              8.606865406036377,
              47.344297010139336
            ],
            [
              8.606707155704498,
              47.34445149778939
            ],
            [
              8.60691636800766,
              47.34454782538296
            ]
          ]
        ]
      },
      "properties": {
        "type": "building",
        "extrude": "true",
        "height": 12.0,
        "iso_3166_2": "CH-ZH",
        "min_height": 0.0,
        "iso_3166_1": "CH",
        "underground": "false"
      }
    },
    {
      "type": "Feature",
      "id": 129932321,
      "geometry": {
        "type": "Polygon",
        "coordinates": [
          [
            [
              8.606892228126526,
              47.34181612022959
            ],
            [
              8.606975376605988,
              47.34172706264308
            ],
            [
              8.60678493976593,
              47.3416470925654
            ],
            [
              8.606712520122528,
              47.34172524514132
            ],
            [
              8.606822490692139,
              47.34177250018722
            ],
            [
              8.606811761856079,
              47.34178340519781
            ],
            [
              8.606892228126526,
              47.34181612022959
            ]
          ]
        ]
      },
      "properties": {
        "type": "building",
        "extrude": "true",
        "height": 7.0,
        "iso_3166_2": "CH-ZH",
        "min_height": 0.0,
        "iso_3166_1": "CH",
        "underground": "false"
      }
    },
    {
      "type": "Feature",
      "id": 129292269,
      "geometry": {
        "type": "Polygon",
        "coordinates": [
          [
            [
              8.60727846622467,
              47.344255207598735
            ],
            [
              8.607428669929504,
              47.34408617993455
            ],
            [
              8.607214093208313,
              47.34399348734452
            ],
            [
              8.607069253921509,
              47.3441570625034
            ],
            [
              8.607248961925507,
              47.344242485086376
            ],
            [
              8.60727846622467,
              47.344255207598735
            ]
          ]
        ]
      },
      "properties": {
        "type": "building",
        "extrude": "true",
        "height": 12.0,
        "iso_3166_2": "CH-ZH",
        "min_height": 0.0,
        "iso_3166_1": "CH",
        "underground": "false"
      }
    },
    {
      "type": "Feature",
      "id": 129292296,
      "geometry": {
        "type": "Polygon",
        "coordinates": [
          [
            [
              8.608651757240295,
              47.343873532228
            ],
            [
              8.608788549900055,
              47.343835364690925
            ],
            [
              8.608750998973846,
              47.34377538713267
            ],
            [
              8.608740270137787,
              47.343759029616784
            ],
            [
              8.60867589712143,
              47.343777204634435
            ],
            [
              8.6086705327034,
              47.343766299623844
            ],
            [
              8.608600795269012,
              47.343786292143264
            ],
            [
              8.608651757240295,
              47.343873532228
            ]
          ]
        ]
      },
      "properties": {
        "type": "building",
        "extrude": "true",
        "height": 7.0,
        "iso_3166_2": "CH-ZH",
        "min_height": 0.0,
        "iso_3166_1": "CH",
        "underground": "false"
      }
    },
    {
      "type": "Feature",
      "id": 129652858,
      "geometry": {
        "type": "Polygon",
        "coordinates": [
          [
            [
              8.607340157032013,
              47.34367360703381
            ],
            [
              8.607444763183594,
              47.34356092192436
            ],
            [
              8.607471585273743,
              47.34353365939788
            ],
            [
              8.607230186462402,
              47.34343369680078
            ],
            [
              8.607125580310822,
              47.34354092940494
            ],
            [
              8.607098758220673,
              47.34357000943318
            ],
            [
              8.607340157032013,
              47.34367360703381
            ]
          ]
        ]
      },
      "properties": {
        "type": "building",
        "extrude": "true",
        "height": 11.0,
        "iso_3166_2": "CH-ZH",
        "min_height": 0.0,
        "iso_3166_1": "CH",
        "underground": "false"
      }
    },
    {
      "type": "Feature",
      "id": 129927011,
      "geometry": {
        "type": "Polygon",
        "coordinates": [
          [
            [
              8.602361977100372,
              47.34426066010403
            ],
            [
              8.602447807788849,
              47.34420795255283
            ],
            [
              8.6024209856987,
              47.34418977753518
            ],
            [
              8.602528274059296,
              47.34412434747163
            ],
            [
              8.60243171453476,
              47.34405164740101
            ],
            [
              8.602292239665985,
              47.34413525248222
            ],
            [
              8.602345883846283,
              47.34417705502282
            ],
            [
              8.602292239665985,
              47.3442097700546
            ],
            [
              8.602361977100372,
              47.34426066010403
            ]
          ]
        ]
      },
      "properties": {
        "type": "detached",
        "extrude": "true",
        "height": 4.0,
        "iso_3166_2": "CH-ZH",
        "min_height": 0.0,
        "iso_3166_1": "CH",
        "underground": "false"
      }
    },
    {
      "type": "Feature",
      "id": 129931882,
      "geometry": {
        "type": "Polygon",
        "coordinates": [
          [
            [
              8.606092929840088,
              47.34209056299616
            ],
            [
              8.60617607831955,
              47.342001505409655
            ],
            [
              8.605991005897522,
              47.34192153533198
            ],
            [
              8.605988323688507,
              47.34192880533904
            ],
            [
              8.605921268463135,
              47.341997870406125
            ],
            [
              8.606025874614716,
              47.342041490448494
            ],
            [
              8.606012463569641,
              47.342056030462615
            ],
            [
              8.606092929840088,
              47.34209056299616
            ]
          ]
        ]
      },
      "properties": {
        "type": "building",
        "extrude": "true",
        "height": 9.0,
        "iso_3166_2": "CH-ZH",
        "min_height": 0.0,
        "iso_3166_1": "CH",
        "underground": "false"
      }
    },
    {
      "type": "Feature",
      "id": 129931877,
      "geometry": {
        "type": "Polygon",
        "coordinates": [
          [
            [
              8.606299459934235,
              47.34184338275607
            ],
            [
              8.606385290622711,
              47.34175432516956
            ],
            [
              8.606192171573639,
              47.34167072008836
            ],
            [
              8.606184124946594,
              47.34167799009542
            ],
            [
              8.606117069721222,
              47.34174887266427
            ],
            [
              8.606227040290833,
              47.34179794521193
            ],
            [
              8.606218993663788,
              47.34180885022253
            ],
            [
              8.606299459934235,
              47.34184338275607
            ]
          ]
        ]
      },
      "properties": {
        "type": "building",
        "extrude": "true",
        "height": 9.0,
        "iso_3166_2": "CH-ZH",
        "min_height": 0.0,
        "iso_3166_1": "CH",
        "underground": "false"
      }
    },
    {
      "type": "Feature",
      "id": 129292299,
      "geometry": {
        "type": "Polygon",
        "coordinates": [
          [
            [
              8.60668569803238,
              47.34404074239042
            ],
            [
              8.606771528720856,
              47.34394986730215
            ],
            [
              8.606744706630707,
              47.34393714478979
            ],
            [
              8.606766164302826,
              47.3439153347686
            ],
            [
              8.606610596179962,
              47.34384263469799
            ],
            [
              8.606583774089813,
              47.343835364690925
            ],
            [
              8.606476485729218,
              47.34394804980038
            ],
            [
              8.60668569803238,
              47.34404074239042
            ]
          ]
        ]
      },
      "properties": {
        "type": "building",
        "extrude": "true",
        "height": 9.0,
        "iso_3166_2": "CH-ZH",
        "min_height": 0.0,
        "iso_3166_1": "CH",
        "underground": "false"
      }
    },
    {
      "type": "Feature",
      "id": 129932322,
      "geometry": {
        "type": "Polygon",
        "coordinates": [
          [
            [
              8.606704473495483,
              47.34173251514838
            ],
            [
              8.606712520122528,
              47.34172524514132
            ],
            [
              8.60678493976593,
              47.3416470925654
            ],
            [
              8.606583774089813,
              47.34155985248067
            ],
            [
              8.606495261192322,
              47.34165436257247
            ],
            [
              8.606583774089813,
              47.34169253010954
            ],
            [
              8.606591820716858,
              47.34168526010248
            ],
            [
              8.606704473495483,
              47.34173251514838
            ]
          ]
        ]
      },
      "properties": {
        "type": "building",
        "extrude": "true",
        "height": 9.0,
        "iso_3166_2": "CH-ZH",
        "min_height": 0.0,
        "iso_3166_1": "CH",
        "underground": "false"
      }
    },
    {
      "type": "Feature",
      "id": 129652860,
      "geometry": {
        "type": "Polygon",
        "coordinates": [
          [
            [
              8.607109487056732,
              47.34355183441553
            ],
            [
              8.607125580310822,
              47.34354092940494
            ],
            [
              8.607230186462402,
              47.34343369680078
            ],
            [
              8.607259690761566,
              47.34341188677959
            ],
            [
              8.607002198696136,
              47.34329011416131
            ],
            [
              8.606857359409332,
              47.34344278430961
            ],
            [
              8.607109487056732,
              47.34355183441553
            ]
          ]
        ]
      },
      "properties": {
        "type": "building",
        "extrude": "true",
        "height": 11.0,
        "iso_3166_2": "CH-ZH",
        "min_height": 0.0,
        "iso_3166_1": "CH",
        "underground": "false"
      }
    },
    {
      "type": "Feature",
      "id": 129931889,
      "geometry": {
        "type": "Polygon",
        "coordinates": [
          [
            [
              8.605905175209045,
              47.342014227922014
            ],
            [
              8.605921268463135,
              47.341997870406125
            ],
            [
              8.605988323688507,
              47.34192880533904
            ],
            [
              8.60578179359436,
              47.34183429524724
            ],
            [
              8.605687916278839,
              47.34192880533904
            ],
            [
              8.60578179359436,
              47.341970607879645
            ],
            [
              8.605789840221405,
              47.341961520370816
            ],
            [
              8.605905175209045,
              47.342014227922014
            ]
          ]
        ]
      },
      "properties": {
        "type": "building",
        "extrude": "true",
        "height": 9.0,
        "iso_3166_2": "CH-ZH",
        "min_height": 0.0,
        "iso_3166_1": "CH",
        "underground": "false"
      }
    },
    {
      "type": "Feature",
      "id": 129292308,
      "geometry": {
        "type": "Polygon",
        "coordinates": [
          [
            [
              8.607101440429688,
              47.34440606024526
            ],
            [
              8.607248961925507,
              47.344242485086376
            ],
            [
              8.607069253921509,
              47.3441570625034
            ],
            [
              8.607045114040375,
              47.34414070498751
            ],
            [
              8.606892228126526,
              47.344306097648165
            ],
            [
              8.607071936130524,
              47.344391520231135
            ],
            [
              8.607101440429688,
              47.34440606024526
            ]
          ]
        ]
      },
      "properties": {
        "type": "building",
        "extrude": "true",
        "height": 12.0,
        "iso_3166_2": "CH-ZH",
        "min_height": 0.0,
        "iso_3166_1": "CH",
        "underground": "false"
      }
    },
    {
      "type": "Feature",
      "id": 129931897,
      "geometry": {
        "type": "Polygon",
        "coordinates": [
          [
            [
              8.606106340885162,
              47.34176159517663
            ],
            [
              8.606117069721222,
              47.34174887266427
            ],
            [
              8.606184124946594,
              47.34167799009542
            ],
            [
              8.605980277061462,
              47.34158893250891
            ],
            [
              8.605894446372986,
              47.34167980759718
            ],
            [
              8.605982959270477,
              47.34171797513426
            ],
            [
              8.605991005897522,
              47.34171070512719
            ],
            [
              8.606106340885162,
              47.34176159517663
            ]
          ]
        ]
      },
      "properties": {
        "type": "building",
        "extrude": "true",
        "height": 9.0,
        "iso_3166_2": "CH-ZH",
        "min_height": 0.0,
        "iso_3166_1": "CH",
        "underground": "false"
      }
    },
    {
      "type": "Feature",
      "id": 129929297,
      "geometry": {
        "type": "Polygon",
        "coordinates": [
          [
            [
              8.603316843509674,
              47.3439734948251
            ],
            [
              8.603469729423523,
              47.343875349729764
            ],
            [
              8.603496551513672,
              47.34388988974389
            ],
            [
              8.603558242321014,
              47.343813554669744
            ],
            [
              8.603467047214508,
              47.34377538713267
            ],
            [
              8.603330254554749,
              47.34386262721741
            ],
            [
              8.603249788284302,
              47.34381537217151
            ],
            [
              8.60316127538681,
              47.34388443723859
            ],
            [
              8.603316843509674,
              47.3439734948251
            ]
          ]
        ]
      },
      "properties": {
        "type": "building",
        "extrude": "true",
        "height": 12.0,
        "iso_3166_2": "CH-ZH",
        "min_height": 0.0,
        "iso_3166_1": "CH",
        "underground": "false"
      }
    },
    {
      "type": "Feature",
      "id": 130425516,
      "geometry": {
        "type": "Polygon",
        "coordinates": [
          [
            [
              8.609987497329712,
              47.34292661380824
            ],
            [
              8.610054552555084,
              47.34286481874821
            ],
            [
              8.61004114151001,
              47.34285573123939
            ],
            [
              8.610081374645233,
              47.34282301620761
            ],
            [
              8.610097467899323,
              47.34283028621467
            ],
            [
              8.610137701034546,
              47.34280120618642
            ],
            [
              8.610000908374786,
              47.34272850611581
            ],
            [
              8.609856069087982,
              47.34285754874115
            ],
            [
              8.609987497329712,
              47.34292661380824
            ]
          ]
        ]
      },
      "properties": {
        "type": "building",
        "height": 3.0,
        "extrude": "true",
        "iso_3166_2": "CH-ZH",
        "min_height": 0.0,
        "iso_3166_1": "CH",
        "underground": "false"
      }
    },
    {
      "type": "Feature",
      "id": 129652862,
      "geometry": {
        "type": "Polygon",
        "coordinates": [
          [
            [
              8.60689491033554,
              47.34395531980744
            ],
            [
              8.606945872306824,
              47.34390624725978
            ],
            [
              8.606811761856079,
              47.343844452199754
            ],
            [
              8.606833219528198,
              47.34382264217857
            ],
            [
              8.606696426868439,
              47.343757212115015
            ],
            [
              8.606610596179962,
              47.34384263469799
            ],
            [
              8.606766164302826,
              47.3439153347686
            ],
            [
              8.6067795753479,
              47.34390079475448
            ],
            [
              8.60689491033554,
              47.34395531980744
            ]
          ]
        ]
      },
      "properties": {
        "type": "building",
        "extrude": "true",
        "height": 10.0,
        "iso_3166_2": "CH-ZH",
        "min_height": 0.0,
        "iso_3166_1": "CH",
        "underground": "false"
      }
    },
    {
      "type": "Feature",
      "id": 129933006,
      "geometry": {
        "type": "Polygon",
        "coordinates": [
          [
            [
              8.607106804847717,
              47.34242861832452
            ],
            [
              8.607136309146881,
              47.34239772079451
            ],
            [
              8.607157766819,
              47.34240680830334
            ],
            [
              8.607192635536194,
              47.34237045826803
            ],
            [
              8.607176542282104,
              47.34236318826097
            ],
            [
              8.607248961925507,
              47.34228867068859
            ],
            [
              8.607125580310822,
              47.34223414563562
            ],
            [
              8.606988787651062,
              47.34237409327156
            ],
            [
              8.607106804847717,
              47.34242861832452
            ]
          ]
        ]
      },
      "properties": {
        "type": "building",
        "extrude": "true",
        "height": 12.0,
        "iso_3166_2": "CH-ZH",
        "min_height": 0.0,
        "iso_3166_1": "CH",
        "underground": "false"
      }
    },
    {
      "type": "Feature",
      "id": 129927013,
      "geometry": {
        "type": "Polygon",
        "coordinates": [
          [
            [
              8.602675795555115,
              47.34400620985687
            ],
            [
              8.602775037288666,
              47.34394623229861
            ],
            [
              8.602707982063293,
              47.34389715975095
            ],
            [
              8.602691888809204,
              47.34390624725978
            ],
            [
              8.602659702301025,
              47.34388261973683
            ],
            [
              8.602560460567474,
              47.34394441479685
            ],
            [
              8.602608740329742,
              47.34397894733039
            ],
            [
              8.602624833583832,
              47.3439680423198
            ],
            [
              8.602675795555115,
              47.34400620985687
            ]
          ]
        ]
      },
      "properties": {
        "type": "detached",
        "extrude": "true",
        "height": 8.0,
        "iso_3166_2": "CH-ZH",
        "min_height": 0.0,
        "iso_3166_1": "CH",
        "underground": "false"
      }
    },
    {
      "type": "Feature",
      "id": 129933002,
      "geometry": {
        "type": "Polygon",
        "coordinates": [
          [
            [
              8.606967329978943,
              47.34256674845869
            ],
            [
              8.6070317029953,
              47.342501318395136
            ],
            [
              8.60705852508545,
              47.34251222340573
            ],
            [
              8.607096076011658,
              47.34247405586866
            ],
            [
              8.607071936130524,
              47.342463150858066
            ],
            [
              8.607106804847717,
              47.34242861832452
            ],
            [
              8.606988787651062,
              47.34237409327156
            ],
            [
              8.606854677200317,
              47.34251585840926
            ],
            [
              8.606967329978943,
              47.34256674845869
            ]
          ]
        ]
      },
      "properties": {
        "type": "building",
        "extrude": "true",
        "height": 12.0,
        "iso_3166_2": "CH-ZH",
        "min_height": 0.0,
        "iso_3166_1": "CH",
        "underground": "false"
      }
    },
    {
      "type": "Feature",
      "id": 129929712,
      "geometry": {
        "type": "Polygon",
        "coordinates": [
          [
            [
              8.604397773742676,
              47.344395155234665
            ],
            [
              8.604494333267212,
              47.344273382616386
            ],
            [
              8.604397773742676,
              47.34423703258108
            ],
            [
              8.604403138160706,
              47.344231580075785
            ],
            [
              8.604368269443512,
              47.3442097700546
            ],
            [
              8.604271709918976,
              47.344331542672876
            ],
            [
              8.60429048538208,
              47.344338812679936
            ],
            [
              8.60427975654602,
              47.344351535192295
            ],
            [
              8.604397773742676,
              47.344395155234665
            ]
          ]
        ]
      },
      "properties": {
        "type": "building",
        "extrude": "true",
        "height": 6.0,
        "iso_3166_2": "CH-ZH",
        "min_height": 0.0,
        "iso_3166_1": "CH",
        "underground": "false"
      }
    },
    {
      "type": "Feature",
      "id": 129929709,
      "geometry": {
        "type": "Polygon",
        "coordinates": [
          [
            [
              8.604792058467865,
              47.34336644923546
            ],
            [
              8.604918122291565,
              47.343190151564215
            ],
            [
              8.604749143123627,
              47.343139261514786
            ],
            [
              8.604725003242493,
              47.343171976546564
            ],
            [
              8.604711592197418,
              47.343166524041266
            ],
            [
              8.604631125926971,
              47.34327012164189
            ],
            [
              8.60465258359909,
              47.343277391648954
            ],
            [
              8.604625761508942,
              47.3433119241825
            ],
            [
              8.604792058467865,
              47.34336644923546
            ]
          ]
        ]
      },
      "properties": {
        "type": "building",
        "extrude": "true",
        "height": 12.0,
        "iso_3166_2": "CH-ZH",
        "min_height": 0.0,
        "iso_3166_1": "CH",
        "underground": "false"
      }
    },
    {
      "type": "Feature",
      "id": 129929290,
      "geometry": {
        "type": "Polygon",
        "coordinates": [
          [
            [
              8.603861331939697,
              47.34407345742219
            ],
            [
              8.603925704956055,
              47.34398803483922
            ],
            [
              8.603689670562744,
              47.34390806476154
            ],
            [
              8.603614568710327,
              47.34400620985687
            ],
            [
              8.603705763816833,
              47.34403892488865
            ],
            [
              8.603732585906982,
              47.34400257485334
            ],
            [
              8.603794276714325,
              47.34402256737276
            ],
            [
              8.603778183460236,
              47.34404619489571
            ],
            [
              8.603861331939697,
              47.34407345742219
            ]
          ]
        ]
      },
      "properties": {
        "type": "building",
        "extrude": "true",
        "height": 4.0,
        "iso_3166_2": "CH-ZH",
        "min_height": 0.0,
        "iso_3166_1": "CH",
        "underground": "false"
      }
    },
    {
      "type": "Feature",
      "id": 129292286,
      "geometry": {
        "type": "Polygon",
        "coordinates": [
          [
            [
              8.606256544589996,
              47.3442515725952
            ],
            [
              8.60629677772522,
              47.3442097700546
            ],
            [
              8.606320917606354,
              47.34422067506519
            ],
            [
              8.60642284154892,
              47.34411344246103
            ],
            [
              8.606350421905518,
              47.34408254493102
            ],
            [
              8.606318235397339,
              47.3440680049169
            ],
            [
              8.60628604888916,
              47.34410071994868
            ],
            [
              8.606229722499847,
              47.34407527492396
            ],
            [
              8.606119751930237,
              47.34419341253871
            ],
            [
              8.606256544589996,
              47.3442515725952
            ]
          ]
        ]
      },
      "properties": {
        "type": "building",
        "extrude": "true",
        "height": 6.0,
        "iso_3166_2": "CH-ZH",
        "min_height": 0.0,
        "iso_3166_1": "CH",
        "underground": "false"
      }
    },
    {
      "type": "Feature",
      "id": 129933412,
      "geometry": {
        "type": "Polygon",
        "coordinates": [
          [
            [
              8.603290021419525,
              47.34343733180431
            ],
            [
              8.603437542915344,
              47.34342279179019
            ],
            [
              8.603432178497314,
              47.34337553674428
            ],
            [
              8.603590428829193,
              47.34337917174782
            ],
            [
              8.603595793247223,
              47.343257399129534
            ],
            [
              8.603432178497314,
              47.343253764126004
            ],
            [
              8.603432178497314,
              47.34329556666661
            ],
            [
              8.603273928165436,
              47.343308289178964
            ],
            [
              8.603290021419525,
              47.34343733180431
            ]
          ]
        ]
      },
      "properties": {
        "type": "building",
        "extrude": "true",
        "height": 9.0,
        "iso_3166_2": "CH-ZH",
        "min_height": 0.0,
        "iso_3166_1": "CH",
        "underground": "false"
      }
    },
    {
      "type": "Feature",
      "id": 129929948,
      "geometry": {
        "type": "Polygon",
        "coordinates": [
          [
            [
              8.605089783668518,
              47.343620899482616
            ],
            [
              8.605218529701233,
              47.34345005431667
            ],
            [
              8.60504150390625,
              47.34339189426017
            ],
            [
              8.605001270771027,
              47.34344460181137
            ],
            [
              8.605014681816101,
              47.34345005431667
            ],
            [
              8.604971766471863,
              47.34350639687139
            ],
            [
              8.604958355426788,
              47.34349912686433
            ],
            [
              8.60491544008255,
              47.34355910442259
            ],
            [
              8.605089783668518,
              47.343620899482616
            ]
          ]
        ]
      },
      "properties": {
        "type": "building",
        "extrude": "true",
        "height": 10.0,
        "iso_3166_2": "CH-ZH",
        "min_height": 0.0,
        "iso_3166_1": "CH",
        "underground": "false"
      }
    },
    {
      "type": "Feature",
      "id": 129292280,
      "geometry": {
        "type": "Polygon",
        "coordinates": [
          [
            [
              8.606455028057098,
              47.34412616497339
            ],
            [
              8.606514036655426,
              47.34406073490984
            ],
            [
              8.606586456298828,
              47.34409163243985
            ],
            [
              8.606621325016022,
              47.34405346490277
            ],
            [
              8.606656193733215,
              47.3440680049169
            ],
            [
              8.60668569803238,
              47.34404074239042
            ],
            [
              8.606476485729218,
              47.34394804980038
            ],
            [
              8.606350421905518,
              47.34408254493102
            ],
            [
              8.60642284154892,
              47.34411344246103
            ],
            [
              8.606455028057098,
              47.34412616497339
            ]
          ]
        ]
      },
      "properties": {
        "type": "building",
        "extrude": "true",
        "height": 7.0,
        "iso_3166_2": "CH-ZH",
        "min_height": 0.0,
        "iso_3166_1": "CH",
        "underground": "false"
      }
    },
    {
      "type": "Feature",
      "id": 129929299,
      "geometry": {
        "type": "Polygon",
        "coordinates": [
          [
            [
              8.602952063083649,
              47.343708139567354
            ],
            [
              8.603102266788483,
              47.343691782051465
            ],
            [
              8.603088855743408,
              47.343648162009096
            ],
            [
              8.603255152702332,
              47.34364997951086
            ],
            [
              8.603265881538391,
              47.34352457188905
            ],
            [
              8.603083491325378,
              47.34353002439434
            ],
            [
              8.603083491325378,
              47.34356637442965
            ],
            [
              8.6029252409935,
              47.34358636694907
            ],
            [
              8.602952063083649,
              47.343708139567354
            ]
          ]
        ]
      },
      "properties": {
        "type": "building",
        "extrude": "true",
        "height": 10.0,
        "iso_3166_2": "CH-ZH",
        "min_height": 0.0,
        "iso_3166_1": "CH",
        "underground": "false"
      }
    },
    {
      "type": "Feature",
      "id": 129929296,
      "geometry": {
        "type": "Polygon",
        "coordinates": [
          [
            [
              8.603644073009491,
              47.34367360703381
            ],
            [
              8.603754043579102,
              47.34357546193848
            ],
            [
              8.603764772415161,
              47.34358091444378
            ],
            [
              8.603858649730682,
              47.34349730936257
            ],
            [
              8.603740632534027,
              47.34343733180431
            ],
            [
              8.603692352771759,
              47.34347913434491
            ],
            [
              8.603703081607819,
              47.34348458685021
            ],
            [
              8.603657484054565,
              47.34352638939081
            ],
            [
              8.603644073009491,
              47.34352093688552
            ],
            [
              8.603536784648895,
              47.34361726447908
            ],
            [
              8.603644073009491,
              47.34367360703381
            ]
          ]
        ]
      },
      "properties": {
        "type": "building",
        "extrude": "true",
        "height": 10.0,
        "iso_3166_2": "CH-ZH",
        "min_height": 0.0,
        "iso_3166_1": "CH",
        "underground": "false"
      }
    },
    {
      "type": "Feature",
      "id": 129288975,
      "geometry": {
        "type": "Polygon",
        "coordinates": [
          [
            [
              8.605856895446777,
              47.34455327788825
            ],
            [
              8.606007099151611,
              47.344466037803514
            ],
            [
              8.605966866016388,
              47.344435140273504
            ],
            [
              8.606007099151611,
              47.34440969524879
            ],
            [
              8.605940043926239,
              47.34436244020289
            ],
            [
              8.605891764163971,
              47.344391520231135
            ],
            [
              8.605878353118896,
              47.344380615220544
            ],
            [
              8.6057710647583,
              47.34444786278586
            ],
            [
              8.605835437774658,
              47.34449511783176
            ],
            [
              8.60580325126648,
              47.34451511035118
            ],
            [
              8.605856895446777,
              47.34455327788825
            ]
          ]
        ]
      },
      "properties": {
        "type": "building",
        "extrude": "true",
        "height": 7.0,
        "iso_3166_2": "CH-ZH",
        "min_height": 0.0,
        "iso_3166_1": "CH",
        "underground": "false"
      }
    },
    {
      "type": "Feature",
      "id": 127622463,
      "geometry": {
        "type": "Polygon",
        "coordinates": [
          [
            [
              8.602965474128723,
              47.34464415297652
            ],
            [
              8.603070080280304,
              47.34456236539708
            ],
            [
              8.603139817714691,
              47.34459144542533
            ],
            [
              8.603212237358093,
              47.34450965784588
            ],
            [
              8.602646291255951,
              47.344282470125215
            ],
            [
              8.602549731731415,
              47.34438606772584
            ],
            [
              8.60289841890335,
              47.3445296503653
            ],
            [
              8.602863550186157,
              47.34459508042886
            ],
            [
              8.602965474128723,
              47.34464415297652
            ]
          ]
        ]
      },
      "properties": {
        "type": "school",
        "extrude": "true",
        "height": 7.0,
        "iso_3166_2": "CH-ZH",
        "min_height": 0.0,
        "iso_3166_1": "CH",
        "underground": "false"
      }
    },
    {
      "type": "Feature",
      "id": 129929951,
      "geometry": {
        "type": "Polygon",
        "coordinates": [
          [
            [
              8.605830073356628,
              47.34278303116877
            ],
            [
              8.605846166610718,
              47.34276849115465
            ],
            [
              8.605862259864807,
              47.34277212615818
            ],
            [
              8.60590785741806,
              47.34270669609462
            ],
            [
              8.60592395067215,
              47.34271214859992
            ],
            [
              8.605961501598358,
              47.342659441048724
            ],
            [
              8.60579788684845,
              47.342606733497526
            ],
            [
              8.605752289295197,
              47.342673981062845
            ],
            [
              8.605722784996033,
              47.34266489355402
            ],
            [
              8.60567718744278,
              47.34273214111934
            ],
            [
              8.605830073356628,
              47.34278303116877
            ]
          ]
        ]
      },
      "properties": {
        "type": "building",
        "extrude": "true",
        "height": 10.0,
        "iso_3166_2": "CH-ZH",
        "min_height": 0.0,
        "iso_3166_1": "CH",
        "underground": "false"
      }
    },
    {
      "type": "Feature",
      "id": 129933411,
      "geometry": {
        "type": "Polygon",
        "coordinates": [
          [
            [
              8.603636026382446,
              47.34315743653244
            ],
            [
              8.603783547878265,
              47.343141079016554
            ],
            [
              8.60377550125122,
              47.343093823970655
            ],
            [
              8.603810369968414,
              47.343088371465356
            ],
            [
              8.603805005550385,
              47.34304656892475
            ],
            [
              8.603888154029846,
              47.34304475142299
            ],
            [
              8.603869378566742,
              47.34293206631353
            ],
            [
              8.603732585906982,
              47.34295024133119
            ],
            [
              8.603737950325012,
              47.34302112390004
            ],
            [
              8.603598475456238,
              47.343030211408866
            ],
            [
              8.603636026382446,
              47.34315743653244
            ]
          ]
        ]
      },
      "properties": {
        "type": "building",
        "extrude": "true",
        "height": 10.0,
        "iso_3166_2": "CH-ZH",
        "min_height": 0.0,
        "iso_3166_1": "CH",
        "underground": "false"
      }
    },
    {
      "type": "Feature",
      "id": 129932766,
      "geometry": {
        "type": "Polygon",
        "coordinates": [
          [
            [
              8.606355786323547,
              47.34301021888945
            ],
            [
              8.606489896774292,
              47.34287208875527
            ],
            [
              8.606353104114532,
              47.34281211119702
            ],
            [
              8.606334328651428,
              47.34283210371644
            ],
            [
              8.606323599815369,
              47.34282119870584
            ],
            [
              8.6062753200531,
              47.34286845375174
            ],
            [
              8.60629141330719,
              47.34287572375881
            ],
            [
              8.606237769126892,
              47.34292843131
            ],
            [
              8.606221675872803,
              47.34292297880471
            ],
            [
              8.606202900409698,
              47.34294115382236
            ],
            [
              8.606355786323547,
              47.34301021888945
            ]
          ]
        ]
      },
      "properties": {
        "type": "building",
        "extrude": "true",
        "height": 9.0,
        "iso_3166_2": "CH-ZH",
        "min_height": 0.0,
        "iso_3166_1": "CH",
        "underground": "false"
      }
    },
    {
      "type": "Feature",
      "id": 129932763,
      "geometry": {
        "type": "Polygon",
        "coordinates": [
          [
            [
              8.606210947036743,
              47.343166524041266
            ],
            [
              8.606355786323547,
              47.34301021888945
            ],
            [
              8.606202900409698,
              47.34294115382236
            ],
            [
              8.60615462064743,
              47.34297932135943
            ],
            [
              8.60617607831955,
              47.34298840886826
            ],
            [
              8.606133162975311,
              47.343033846412396
            ],
            [
              8.606114387512207,
              47.34302475890357
            ],
            [
              8.606063425540924,
              47.343075648953
            ],
            [
              8.606082201004028,
              47.343084736461826
            ],
            [
              8.606066107749939,
              47.343101093977715
            ],
            [
              8.606210947036743,
              47.343166524041266
            ]
          ]
        ]
      },
      "properties": {
        "type": "building",
        "extrude": "true",
        "height": 9.0,
        "iso_3166_2": "CH-ZH",
        "min_height": 0.0,
        "iso_3166_1": "CH",
        "underground": "false"
      }
    },
    {
      "type": "Feature",
      "id": 129931898,
      "geometry": {
        "type": "Polygon",
        "coordinates": [
          [
            [
              8.606162667274475,
              47.34106185699695
            ],
            [
              8.606194853782654,
              47.3409964269334
            ],
            [
              8.606232404708862,
              47.34100369694046
            ],
            [
              8.606261909008026,
              47.340938266876904
            ],
            [
              8.606294095516205,
              47.340945536883964
            ],
            [
              8.606337010860443,
              47.340856479297464
            ],
            [
              8.60618680715561,
              47.340823764265686
            ],
            [
              8.60615462064743,
              47.34088919432924
            ],
            [
              8.606009781360626,
              47.340856479297464
            ],
            [
              8.605966866016388,
              47.34094735438573
            ],
            [
              8.606076836585999,
              47.34097098190868
            ],
            [
              8.60604465007782,
              47.34103641197224
            ],
            [
              8.606162667274475,
              47.34106185699695
            ]
          ]
        ]
      },
      "properties": {
        "type": "school",
        "height": 3.0,
        "extrude": "true",
        "iso_3166_2": "CH-ZH",
        "min_height": 0.0,
        "iso_3166_1": "CH",
        "underground": "false"
      }
    },
    {
      "type": "Feature",
      "id": 129933326,
      "geometry": {
        "type": "Polygon",
        "coordinates": [
          [
            [
              8.606827855110168,
              47.340320316276674
            ],
            [
              8.607039749622345,
              47.340238528697235
            ],
            [
              8.606924414634705,
              47.3400985810613
            ],
            [
              8.606798350811005,
              47.340147653608966
            ],
            [
              8.606733977794647,
              47.34007495353835
            ],
            [
              8.60639601945877,
              47.340205813665456
            ],
            [
              8.606487214565277,
              47.34031486377138
            ],
            [
              8.606672286987305,
              47.340242163700765
            ],
            [
              8.606650829315186,
              47.34021671867605
            ],
            [
              8.606717884540558,
              47.340191273651335
            ],
            [
              8.606827855110168,
              47.340320316276674
            ]
          ]
        ]
      },
      "properties": {
        "type": "building",
        "height": 3.0,
        "extrude": "true",
        "iso_3166_2": "CH-ZH",
        "min_height": 0.0,
        "iso_3166_1": "CH",
        "underground": "false"
      }
    },
    {
      "type": "Feature",
      "id": 129929714,
      "geometry": {
        "type": "Polygon",
        "coordinates": [
          [
            [
              8.604236841201782,
              47.34351730188199
            ],
            [
              8.604370951652527,
              47.3433482742178
            ],
            [
              8.604236841201782,
              47.3433010191719
            ],
            [
              8.604201972484589,
              47.34333373420368
            ],
            [
              8.604188561439514,
              47.34332646419662
            ],
            [
              8.604161739349365,
              47.3433537267231
            ],
            [
              8.604177832603455,
              47.34335736172663
            ],
            [
              8.604129552841187,
              47.34341552178312
            ],
            [
              8.604118824005127,
              47.34340825177606
            ],
            [
              8.604100048542023,
              47.34343369680078
            ],
            [
              8.604116141796112,
              47.34343914930607
            ],
            [
              8.604094684123993,
              47.34346277682902
            ],
            [
              8.604236841201782,
              47.34351730188199
            ]
          ]
        ]
      },
      "properties": {
        "type": "building",
        "extrude": "true",
        "height": 12.0,
        "iso_3166_2": "CH-ZH",
        "min_height": 0.0,
        "iso_3166_1": "CH",
        "underground": "false"
      }
    },
    {
      "type": "Feature",
      "id": 129929715,
      "geometry": {
        "type": "Polygon",
        "coordinates": [
          [
            [
              8.604561388492584,
              47.34418069002635
            ],
            [
              8.604572117328644,
              47.3441625150087
            ],
            [
              8.604596257209778,
              47.34417342001929
            ],
            [
              8.604733049869537,
              47.34400075735158
            ],
            [
              8.604585528373718,
              47.34395350230568
            ],
            [
              8.604494333267212,
              47.34406073490984
            ],
            [
              8.604475557804108,
              47.34405709990631
            ],
            [
              8.604446053504944,
              47.34409890244691
            ],
            [
              8.604467511177063,
              47.34410617245397
            ],
            [
              8.604454100131989,
              47.34413161747869
            ],
            [
              8.60453188419342,
              47.3441570625034
            ],
            [
              8.604523837566376,
              47.344167967514
            ],
            [
              8.604561388492584,
              47.34418069002635
            ]
          ]
        ]
      },
      "properties": {
        "type": "building",
        "extrude": "true",
        "height": 12.0,
        "iso_3166_2": "CH-ZH",
        "min_height": 0.0,
        "iso_3166_1": "CH",
        "underground": "false"
      }
    },
    {
      "type": "Feature",
      "id": 129929945,
      "geometry": {
        "type": "Polygon",
        "coordinates": [
          [
            [
              8.605674505233765,
              47.34292116130294
            ],
            [
              8.605709373950958,
              47.34287390625704
            ],
            [
              8.605728149414062,
              47.34287935876234
            ],
            [
              8.60577642917633,
              47.34281211119702
            ],
            [
              8.60580325126648,
              47.34282119870584
            ],
            [
              8.605830073356628,
              47.34278303116877
            ],
            [
              8.60567718744278,
              47.34273214111934
            ],
            [
              8.605663776397705,
              47.34272487111228
            ],
            [
              8.605620861053467,
              47.34278484867053
            ],
            [
              8.605596721172333,
              47.34277576116171
            ],
            [
              8.605532348155975,
              47.34286663624998
            ],
            [
              8.605596721172333,
              47.34288844627116
            ],
            [
              8.605591356754303,
              47.34289208127469
            ],
            [
              8.605674505233765,
              47.34292116130294
            ]
          ]
        ]
      },
      "properties": {
        "type": "building",
        "extrude": "true",
        "height": 9.0,
        "iso_3166_2": "CH-ZH",
        "min_height": 0.0,
        "iso_3166_1": "CH",
        "underground": "false"
      }
    },
    {
      "type": "Feature",
      "id": 129933003,
      "geometry": {
        "type": "Polygon",
        "coordinates": [
          [
            [
              8.608136773109436,
              47.34151804994006
            ],
            [
              8.60817700624466,
              47.34147988240299
            ],
            [
              8.608163595199585,
              47.341474429897694
            ],
            [
              8.608230650424957,
              47.341408999834144
            ],
            [
              8.608273565769196,
              47.34142899235356
            ],
            [
              8.608305752277374,
              47.341398094823546
            ],
            [
              8.608249425888062,
              47.341370832297066
            ],
            [
              8.60830843448639,
              47.34131448974234
            ],
            [
              8.608316481113434,
              47.34131994224764
            ],
            [
              8.608362078666687,
              47.3412745047035
            ],
            [
              8.608230650424957,
              47.34121089214172
            ],
            [
              8.60815018415451,
              47.34129086221939
            ],
            [
              8.608131408691406,
              47.341281774710566
            ],
            [
              8.607970476150513,
              47.341441714865915
            ],
            [
              8.608136773109436,
              47.34151804994006
            ]
          ]
        ]
      },
      "properties": {
        "type": "building",
        "height": 3.0,
        "extrude": "true",
        "iso_3166_2": "CH-ZH",
        "min_height": 0.0,
        "iso_3166_1": "CH",
        "underground": "false"
      }
    },
    {
      "type": "Feature",
      "id": 129931885,
      "geometry": {
        "type": "Polygon",
        "coordinates": [
          [
            [
              8.605406284332275,
              47.34181612022959
            ],
            [
              8.605406284332275,
              47.34178885770311
            ],
            [
              8.605532348155975,
              47.3417943102084
            ],
            [
              8.605532348155975,
              47.34173251514838
            ],
            [
              8.605548441410065,
              47.34173251514838
            ],
            [
              8.60555648803711,
              47.34164345756187
            ],
            [
              8.605438470840454,
              47.34163982255834
            ],
            [
              8.60543578863144,
              47.34166890258659
            ],
            [
              8.605387508869171,
              47.34166708508482
            ],
            [
              8.605390191078186,
              47.34165072756894
            ],
            [
              8.605266809463501,
              47.34164527506364
            ],
            [
              8.605258762836456,
              47.34173251514838
            ],
            [
              8.60528290271759,
              47.34173069764661
            ],
            [
              8.605269491672516,
              47.34181066772429
            ],
            [
              8.605406284332275,
              47.34181612022959
            ]
          ]
        ]
      },
      "properties": {
        "type": "building",
        "extrude": "true",
        "height": 24.0,
        "iso_3166_2": "CH-ZH",
        "min_height": 0.0,
        "iso_3166_1": "CH",
        "underground": "false"
      }
    },
    {
      "type": "Feature",
      "id": 129931879,
      "geometry": {
        "type": "Polygon",
        "coordinates": [
          [
            [
              8.605733513832092,
              47.341410817335905
            ],
            [
              8.605736196041107,
              47.341376284802365
            ],
            [
              8.605765700340271,
              47.341376284802365
            ],
            [
              8.605765700340271,
              47.341385372311194
            ],
            [
              8.605864942073822,
              47.341390824816486
            ],
            [
              8.605870306491852,
              47.3413272122547
            ],
            [
              8.605878353118896,
              47.341329029756466
            ],
            [
              8.605886399745941,
              47.341254512184086
            ],
            [
              8.6057710647583,
              47.34124905967879
            ],
            [
              8.605768382549286,
              47.34125996468938
            ],
            [
              8.605620861053467,
              47.34125269468232
            ],
            [
              8.605612814426422,
              47.34132357725117
            ],
            [
              8.605642318725586,
              47.341325394752936
            ],
            [
              8.605631589889526,
              47.34140536483061
            ],
            [
              8.605733513832092,
              47.341410817335905
            ]
          ]
        ]
      },
      "properties": {
        "type": "building",
        "height": 3.0,
        "extrude": "true",
        "iso_3166_2": "CH-ZH",
        "min_height": 0.0,
        "iso_3166_1": "CH",
        "underground": "false"
      }
    },
    {
      "type": "Feature",
      "id": 129931893,
      "geometry": {
        "type": "Polygon",
        "coordinates": [
          [
            [
              8.605111241340637,
              47.34223051063209
            ],
            [
              8.605113923549652,
              47.34219779560032
            ],
            [
              8.605143427848816,
              47.34219961310208
            ],
            [
              8.605140745639801,
              47.34220870061091
            ],
            [
              8.605239987373352,
              47.3422141531162
            ],
            [
              8.605248034000397,
              47.342150540554414
            ],
            [
              8.605261445045471,
              47.34215235805618
            ],
            [
              8.60527217388153,
              47.34206330046968
            ],
            [
              8.605132699012756,
              47.342056030462615
            ],
            [
              8.605132699012756,
              47.34206693547321
            ],
            [
              8.604985177516937,
              47.342059665466145
            ],
            [
              8.604974448680878,
              47.342146905550884
            ],
            [
              8.604990541934967,
              47.342146905550884
            ],
            [
              8.604982495307922,
              47.34222324062503
            ],
            [
              8.605111241340637,
              47.34223051063209
            ]
          ]
        ]
      },
      "properties": {
        "type": "building",
        "extrude": "true",
        "height": 26.0,
        "iso_3166_2": "CH-ZH",
        "min_height": 0.0,
        "iso_3166_1": "CH",
        "underground": "false"
      }
    },
    {
      "type": "Feature",
      "id": 129932758,
      "geometry": {
        "type": "Polygon",
        "coordinates": [
          [
            [
              8.60580325126648,
              47.34357182693495
            ],
            [
              8.605961501598358,
              47.34355910442259
            ],
            [
              8.605953454971313,
              47.34351366687846
            ],
            [
              8.605972230434418,
              47.34351184937669
            ],
            [
              8.605958819389343,
              47.3434482368149
            ],
            [
              8.606047332286835,
              47.34344096680784
            ],
            [
              8.60603928565979,
              47.34339734676547
            ],
            [
              8.60606074333191,
              47.3433955292637
            ],
            [
              8.60605001449585,
              47.34333555170545
            ],
            [
              8.605940043926239,
              47.34334463921427
            ],
            [
              8.605942726135254,
              47.34336826673722
            ],
            [
              8.605862259864807,
              47.34337371924252
            ],
            [
              8.605864942073822,
              47.3433955292637
            ],
            [
              8.605795204639435,
              47.343400981769
            ],
            [
              8.605811297893524,
              47.34349003935551
            ],
            [
              8.60578715801239,
              47.34349185685727
            ],
            [
              8.60580325126648,
              47.34357182693495
            ]
          ]
        ]
      },
      "properties": {
        "type": "building",
        "extrude": "true",
        "height": 26.0,
        "iso_3166_2": "CH-ZH",
        "min_height": 0.0,
        "iso_3166_1": "CH",
        "underground": "false"
      }
    },
    {
      "type": "Feature",
      "id": 129932760,
      "geometry": {
        "type": "Polygon",
        "coordinates": [
          [
            [
              8.60505759716034,
              47.344380615220544
            ],
            [
              8.60515147447586,
              47.344364257704655
            ],
            [
              8.605127334594727,
              47.344302462644634
            ],
            [
              8.605103194713593,
              47.344306097648165
            ],
            [
              8.605097830295563,
              47.34429519263757
            ],
            [
              8.60517829656601,
              47.344282470125215
            ],
            [
              8.605154156684875,
              47.344215222559896
            ],
            [
              8.605111241340637,
              47.344222492566956
            ],
            [
              8.605089783668518,
              47.344167967514
            ],
            [
              8.605060279369354,
              47.34417160251753
            ],
            [
              8.605054914951324,
              47.3441570625034
            ],
            [
              8.604950308799744,
              47.34417523752106
            ],
            [
              8.604958355426788,
              47.34419523004048
            ],
            [
              8.604942262172699,
              47.34419886504401
            ],
            [
              8.604963719844818,
              47.344255207598735
            ],
            [
              8.604934215545654,
              47.34426066010403
            ],
            [
              8.604982495307922,
              47.344380615220544
            ],
            [
              8.60505223274231,
              47.344367892708185
            ],
            [
              8.60505759716034,
              47.344380615220544
            ]
          ]
        ]
      },
      "properties": {
        "type": "building",
        "extrude": "true",
        "height": 21.0,
        "iso_3166_2": "CH-ZH",
        "min_height": 0.0,
        "iso_3166_1": "CH",
        "underground": "false"
      }
    },
    {
      "type": "Feature",
      "id": 129929946,
      "geometry": {
        "type": "Polygon",
        "coordinates": [
          [
            [
              8.60602855682373,
              47.34249223088631
            ],
            [
              8.60605537891388,
              47.34244861084394
            ],
            [
              8.606074154376984,
              47.34245406334924
            ],
            [
              8.606111705303192,
              47.34239772079451
            ],
            [
              8.605991005897522,
              47.34235955325744
            ],
            [
              8.606004416942596,
              47.34233774323625
            ],
            [
              8.605910539627075,
              47.34230866320801
            ],
            [
              8.60591858625412,
              47.34229412319388
            ],
            [
              8.605838119983673,
              47.34227049567093
            ],
            [
              8.605854213237762,
              47.34224868564975
            ],
            [
              8.605725467205048,
              47.34220870061091
            ],
            [
              8.60567718744278,
              47.34227594817623
            ],
            [
              8.60565572977066,
              47.34226867816917
            ],
            [
              8.605623543262482,
              47.34231229821154
            ],
            [
              8.605722784996033,
              47.34234319574155
            ],
            [
              8.605717420578003,
              47.34235410075214
            ],
            [
              8.605800569057465,
              47.34237954577686
            ],
            [
              8.60579252243042,
              47.34239408579098
            ],
            [
              8.605875670909882,
              47.3424195308157
            ],
            [
              8.605862259864807,
              47.342439523335116
            ],
            [
              8.60602855682373,
              47.34249223088631
            ]
          ]
        ]
      },
      "properties": {
        "type": "building",
        "extrude": "true",
        "height": 11.0,
        "iso_3166_2": "CH-ZH",
        "min_height": 0.0,
        "iso_3166_1": "CH",
        "underground": "false"
      }
    },
    {
      "type": "Feature",
      "id": 129932769,
      "geometry": {
        "type": "Polygon",
        "coordinates": [
          [
            [
              8.605406284332275,
              47.34398803483922
            ],
            [
              8.605497479438782,
              47.34397167732333
            ],
            [
              8.605476021766663,
              47.34391896977213
            ],
            [
              8.605449199676514,
              47.34392260477566
            ],
            [
              8.605441153049469,
              47.34390261225625
            ],
            [
              8.605521619319916,
              47.34388625474036
            ],
            [
              8.605497479438782,
              47.34382991218563
            ],
            [
              8.605467975139618,
              47.343835364690925
            ],
            [
              8.605446517467499,
              47.343782657139734
            ],
            [
              8.605411648750305,
              47.343789927146794
            ],
            [
              8.605406284332275,
              47.343773569630905
            ],
            [
              8.605312407016754,
              47.343791744648556
            ],
            [
              8.605315089225769,
              47.343800832157385
            ],
            [
              8.60528826713562,
              47.34380628466268
            ],
            [
              8.605312407016754,
              47.34386080971564
            ],
            [
              8.60528826713562,
              47.34386444471917
            ],
            [
              8.605312407016754,
              47.34392805728096
            ],
            [
              8.60529363155365,
              47.34393532728802
            ],
            [
              8.605307042598724,
              47.34396985982157
            ],
            [
              8.605328500270844,
              47.34396622481803
            ],
            [
              8.605336546897888,
              47.34398439983569
            ],
            [
              8.605400919914246,
              47.3439734948251
            ],
            [
              8.605406284332275,
              47.34398803483922
            ]
          ]
        ]
      },
      "properties": {
        "type": "building",
        "extrude": "true",
        "height": 28.0,
        "iso_3166_2": "CH-ZH",
        "min_height": 0.0,
        "iso_3166_1": "CH",
        "underground": "false"
      }
    },
    {
      "type": "Feature",
      "id": 869032653,
      "geometry": {
        "type": "Polygon",
        "coordinates": [
          [
            [
              8.60268920660019,
              47.3433955292637
            ],
            [
              8.602984249591827,
              47.343190151564215
            ],
            [
              8.602828681468964,
              47.343088371465356
            ],
            [
              8.602533638477325,
              47.34329374916484
            ],
            [
              8.60268920660019,
              47.3433955292637
            ]
          ]
        ]
      },
      "properties": {
        "type": "building",
        "extrude": "false",
        "height": 3.1,
        "iso_3166_2": "CH-ZH",
        "min_height": 0.0,
        "iso_3166_1": "CH",
        "underground": "true"
      }
    }
  ]
}